year,rgn_id,island,mus,family,,species,licenses,catch
2012,0,Cross Seamount,PMUS,Scombridae,,Yellowfin tuna,11,"97,952"
2012,0,Cross Seamount,PMUS,Scombridae,,Bigeye tuna,14,"716,406"
2012,0,Cross Seamount,PMUS,Coryphaenidae,,Mahimahi,12,"13,355"
2012,0,Cross Seamount,PMUS,Scombridae,,Ono,9,"1,102"
2012,0,Cross Seamount,PMUS,Scombridae,,Aku,9,"5,263"
2012,0,Cross Seamount,PMUS,Istiophoridae,,Blue marlin,4,"4,804"
2012,0,Cross Seamount,PMUS,Scombridae,,Tombo,3,703
2012,0,Cross Seamount,PMUS,Bramidae,,Monchong,6,"11,548"
2012,0,Cross Seamount,PMUS,Istiophoridae,,S.N. spearfish,4,327
2012,0,Cross Seamount,PMUS,Exocoetidae,,Walu,4,"1,667"
2013,0,Cross Seamount,PMUS,Scombridae,,Yellowfin tuna,10,"100,636"
2013,0,Cross Seamount,PMUS,Scombridae,,Bigeye tuna,15,"880,658"
2013,0,Cross Seamount,PMUS,Coryphaenidae,,Mahimahi,11,"9,201"
2013,0,Cross Seamount,PMUS,Scombridae,,Ono,10,"2,707"
2013,0,Cross Seamount,PMUS,Scombridae,,Aku,10,"12,530"
2013,0,Cross Seamount,PMUS,Istiophoridae,,Blue marlin,8,"7,278"
2013,0,Cross Seamount,PMUS,Scombridae,,Tombo,7,"2,829"
2013,0,Cross Seamount,PMUS,Bramidae,,Monchong,7,"21,553"
2013,0,Cross Seamount,PMUS,Istiophoridae,,S.N. spearfish,7,"1,156"
2013,0,Cross Seamount,PMUS,Istiophoridae,,Striped marlin,5,"1,766"
2013,0,Cross Seamount,PMUS,Xiphiidae,,Swordfish,6,"2,886"
2013,0,Cross Seamount,PMUS,Lamnidae,,Mako,3,723
2013,0,Cross Seamount,PMUS,Exocoetidae,,Walu,7,"2,589"
2013,0,Cross Seamount,PMUS,Carcharhinidae,,Blue shark,3,300
2014,0,Cross Seamount,PMUS,Scombridae,,Yellowfin tuna,9,"66,792"
2014,0,Cross Seamount,PMUS,Scombridae,,Bigeye tuna,9,"418,122"
2014,0,Cross Seamount,PMUS,Coryphaenidae,,Mahimahi,8,"7,592"
2014,0,Cross Seamount,PMUS,Scombridae,,Ono,5,"1,588"
2014,0,Cross Seamount,PMUS,Scombridae,,Aku,8,"2,507"
2014,0,Cross Seamount,PMUS,Istiophoridae,,Blue marlin,7,"7,160"
2014,0,Cross Seamount,PMUS,Scombridae,,Tombo,5,"1,706"
2014,0,Cross Seamount,PMUS,Bramidae,,Monchong,4,"18,047"
2014,0,Cross Seamount,PMUS,Istiophoridae,,S.N. spearfish,5,"1,039"
2014,0,Cross Seamount,PMUS,Xiphiidae,,Swordfish,4,995
2014,0,Cross Seamount,PMUS,Exocoetidae,,Walu,4,"1,336"
2015,0,Cross Seamount,PMUS,Scombridae,,Yellowfin tuna,8,"50,274"
2015,0,Cross Seamount,PMUS,Scombridae,,Bigeye tuna,9,"430,102"
2015,0,Cross Seamount,PMUS,Coryphaenidae,,Mahimahi,7,"4,628"
2015,0,Cross Seamount,PMUS,Scombridae,,Ono,5,"1,613"
2015,0,Cross Seamount,PMUS,Scombridae,,Aku,7,"2,864"
2015,0,Cross Seamount,PMUS,Istiophoridae,,Blue marlin,5,"5,644"
2015,0,Cross Seamount,PMUS,Bramidae,,Monchong,4,"3,725"
2015,0,Cross Seamount,PMUS,Istiophoridae,,S.N. spearfish,7,749
2015,0,Cross Seamount,PMUS,Istiophoridae,,Striped marlin,3,"1,024"
2015,0,Cross Seamount,PMUS,Xiphiidae,,Swordfish,3,"1,068"
2015,0,Cross Seamount,PMUS,Lamnidae,,Mako,3,"1,126"
2015,0,Cross Seamount,PMUS,Exocoetidae,,Walu,5,386
2016,0,Cross Seamount,PMUS,Scombridae,,Yellowfin tuna,6,"55,207"
2016,0,Cross Seamount,PMUS,Scombridae,,Bigeye tuna,6,"349,087"
2016,0,Cross Seamount,PMUS,Coryphaenidae,,Mahimahi,6,615
2016,0,Cross Seamount,PMUS,Scombridae,,Ono,5,247
2016,0,Cross Seamount,PMUS,Scombridae,,Aku,5,868
2016,0,Cross Seamount,PMUS,Scombridae,,Tombo,3,464
2016,0,Cross Seamount,PMUS,Bramidae,,Monchong,4,"10,565"
2012,0,NOAA WB,PMUS,Scombridae,,Yellowfin tuna,4,"3,389"
2012,0,NOAA WB,PMUS,Scombridae,,Bigeye tuna,6,"22,039"
2012,0,NOAA WB,PMUS,Coryphaenidae,,Mahimahi,7,"6,303"
2012,0,NOAA WB,PMUS,Scombridae,,Ono,3,196
2012,0,NOAA WB,PMUS,Scombridae,,Aku,4,589
2013,0,NOAA WB,PMUS,Scombridae,,Yellowfin tuna,5,"3,304"
2013,0,NOAA WB,PMUS,Scombridae,,Bigeye tuna,6,"44,820"
2013,0,NOAA WB,PMUS,Coryphaenidae,,Mahimahi,7,"6,991"
2013,0,NOAA WB,PMUS,Scombridae,,Ono,3,233
2013,0,NOAA WB,PMUS,Scombridae,,Aku,4,665
2012,0,Other offshore,PMUS,Scombridae,,Yellowfin tuna,7,873
2012,0,Other offshore,PMUS,Scombridae,,Ono,6,"4,948"
2013,0,Other offshore,PMUS,Scombridae,,Yellowfin tuna,4,"16,077"
2013,0,Other offshore,PMUS,Coryphaenidae,,Mahimahi,5,995
2013,0,Other offshore,PMUS,Scombridae,,Ono,5,"1,244"
2014,0,Other offshore,PMUS,Scombridae,,Yellowfin tuna,8,"2,122"
2014,0,Other offshore,PMUS,Coryphaenidae,,Mahimahi,4,155
2014,0,Other offshore,PMUS,Scombridae,,Ono,5,"4,068"
2015,0,Other offshore,PMUS,Scombridae,,Yellowfin tuna,7,"3,259"
2015,0,Other offshore,PMUS,Scombridae,,Bigeye tuna,6,"27,223"
2015,0,Other offshore,PMUS,Coryphaenidae,,Mahimahi,6,"1,887"
2015,0,Other offshore,PMUS,Scombridae,,Ono,6,"3,401"
2015,0,Other offshore,PMUS,Scombridae,,Aku,4,310
2015,0,Other offshore,PMUS,Bramidae,,Monchong,3,353
2016,0,Other offshore,PMUS,Coryphaenidae,,Mahimahi,5,765
2016,0,Other offshore,PMUS,Scombridae,,Ono,4,"1,603"
2012,1,Hawaii,BMUS,Lutjanidae,,Opakapaka,123,"20,533"
2012,1,Hawaii,BMUS,Lutjanidae,,Uku,119,"9,518"
2012,1,Hawaii,BMUS,Lutjanidae,,Onaga,63,"6,799"
2012,1,Hawaii,BMUS,Lutjanidae,,Taape,99,"8,060"
2012,1,Hawaii,BMUS,Lutjanidae,,Ehu,97,"7,838"
2012,1,Hawaii,BMUS,Carangidae,,Kahala,35,"1,322"
2012,1,Hawaii,BMUS,Lutjanidae,,Kalekale,80,"3,479"
2012,1,Hawaii,BMUS,Carangidae,,White ulua,26,"2,138"
2012,1,Hawaii,BMUS,Lutjanidae,,Lehi,83,"5,494"
2012,1,Hawaii,BMUS,Serranidae,,Hapuupuu,54,"2,749"
2012,1,Hawaii,BMUS,Lutjanidae,,Gindai,72,"1,671"
2012,1,Hawaii,BMUS,Carangidae,,Gunkan ulua,3,60
2013,1,Hawaii,BMUS,Lutjanidae,,Opakapaka,123,"26,819"
2013,1,Hawaii,BMUS,Lutjanidae,,Uku,125,"11,998"
2013,1,Hawaii,BMUS,Lutjanidae,,Onaga,71,"10,435"
2013,1,Hawaii,BMUS,Lutjanidae,,Taape,96,"4,882"
2013,1,Hawaii,BMUS,Lutjanidae,,Ehu,93,"11,963"
2013,1,Hawaii,BMUS,Carangidae,,Kahala,34,"2,077"
2013,1,Hawaii,BMUS,Lutjanidae,,Kalekale,85,"6,933"
2013,1,Hawaii,BMUS,Carangidae,,White ulua,23,"1,130"
2013,1,Hawaii,BMUS,Lutjanidae,,Lehi,71,"9,888"
2013,1,Hawaii,BMUS,Serranidae,,Hapuupuu,58,"3,363"
2013,1,Hawaii,BMUS,Lutjanidae,,Gindai,73,"2,035"
2013,1,Hawaii,BMUS,Carangidae,,Butaguchi ulua,3,27
2013,1,Hawaii,BMUS,Carangidae,,Gunkan ulua,5,132
2013,1,Hawaii,BMUS,Berycidae,,Alfonsin,5,54
2014,1,Hawaii,BMUS,Lutjanidae,,Opakapaka,126,"32,921"
2014,1,Hawaii,BMUS,Lutjanidae,,Uku,115,"13,894"
2014,1,Hawaii,BMUS,Lutjanidae,,Onaga,70,"9,860"
2014,1,Hawaii,BMUS,Lutjanidae,,Taape,80,"3,490"
2014,1,Hawaii,BMUS,Lutjanidae,,Ehu,96,"7,959"
2014,1,Hawaii,BMUS,Carangidae,,Kahala,26,"1,152"
2014,1,Hawaii,BMUS,Lutjanidae,,Kalekale,89,"7,165"
2014,1,Hawaii,BMUS,Carangidae,,White ulua,13,929
2014,1,Hawaii,BMUS,Lutjanidae,,Lehi,72,"4,718"
2014,1,Hawaii,BMUS,Serranidae,,Hapuupuu,49,"2,050"
2014,1,Hawaii,BMUS,Lutjanidae,,Gindai,61,"1,505"
2014,1,Hawaii,BMUS,Berycidae,,Alfonsin,4,16
2015,1,Hawaii,BMUS,Lutjanidae,,Opakapaka,115,"28,686"
2015,1,Hawaii,BMUS,Lutjanidae,,Uku,133,"16,984"
2015,1,Hawaii,BMUS,Lutjanidae,,Onaga,66,"6,748"
2015,1,Hawaii,BMUS,Lutjanidae,,Taape,73,"3,107"
2015,1,Hawaii,BMUS,Lutjanidae,,Ehu,74,"11,090"
2015,1,Hawaii,BMUS,Carangidae,,Kahala,21,"2,554"
2015,1,Hawaii,BMUS,Lutjanidae,,Kalekale,80,"5,749"
2015,1,Hawaii,BMUS,Carangidae,,White ulua,22,941
2015,1,Hawaii,BMUS,Lutjanidae,,Lehi,79,"5,716"
2015,1,Hawaii,BMUS,Serranidae,,Hapuupuu,39,"2,623"
2015,1,Hawaii,BMUS,Lutjanidae,,Gindai,49,"1,229"
2016,1,Hawaii,BMUS,Lutjanidae,,Opakapaka,113,"36,125"
2016,1,Hawaii,BMUS,Lutjanidae,,Uku,137,"19,236"
2016,1,Hawaii,BMUS,Lutjanidae,,Onaga,61,"12,121"
2016,1,Hawaii,BMUS,Lutjanidae,,Taape,68,"3,610"
2016,1,Hawaii,BMUS,Lutjanidae,,Ehu,74,"6,124"
2016,1,Hawaii,BMUS,Carangidae,,Kahala,27,"7,207"
2016,1,Hawaii,BMUS,Lutjanidae,,Kalekale,71,"4,502"
2016,1,Hawaii,BMUS,Carangidae,,White ulua,17,"1,325"
2016,1,Hawaii,BMUS,Lutjanidae,,Lehi,76,"6,073"
2016,1,Hawaii,BMUS,Serranidae,,Hapuupuu,45,"2,452"
2016,1,Hawaii,BMUS,Lutjanidae,,Gindai,58,841
2016,1,Hawaii,BMUS,Carangidae,,Gunkan ulua,3,140
2012,1,Hawaii,CHCRT,Carangidae,,Akule,58,"18,902"
2012,1,Hawaii,CHCRT,Carangidae,,Opelu,83,"153,202"
2012,1,Hawaii,CHCRT,Scaridae,,Uhu parrot-misc.,38,"14,003"
2012,1,Hawaii,CHCRT,Holocentridae,,Menpachi,102,"23,716"
2012,1,Hawaii,CHCRT,Mullidae,,Weke ula,36,439
2012,1,Hawaii,CHCRT,Acanthuridae,,Palani,20,"1,349"
2012,1,Hawaii,CHCRT,Acanthuridae,,Kala,16,348
2012,1,Hawaii,CHCRT,Kyphosidae,,Nenue,35,845
2012,1,Hawaii,CHCRT,Carangidae,,Hahalalu,6,278
2012,1,Hawaii,CHCRT,Acanthuridae,,Manini,23,"1,882"
2012,1,Hawaii,CHCRT,Acanthuridae,,Pualu,9,693
2012,1,Hawaii,CHCRT,Acanthuridae,,Naenae,9,77
2012,1,Hawaii,CHCRT,Mullidae,,Weke nono,28,822
2012,1,Hawaii,CHCRT,Priacanthidae,,Aweoweo,56,"1,651"
2012,1,Hawaii,CHCRT,Mullidae,,Weke a'a,13,157
2012,1,Hawaii,CHCRT,Mullidae,,Kumu,33,"1,859"
2012,1,Hawaii,CHCRT,Acanthuridae,,Opelu kala,26,"2,148"
2012,1,Hawaii,CHCRT,Mullidae,,Moana,58,"2,515"
2012,1,Hawaii,CHCRT,Acanthuridae,,Maiko,12,234
2012,1,Hawaii,CHCRT,Labridae,,Aawa,59,"2,448"
2012,1,Hawaii,CHCRT,Acanthuridae,,Umaumalei,11,435
2012,1,Hawaii,CHCRT,Labridae,,Laenihi,36,873
2012,1,Hawaii,CHCRT,Sphyraenidae,,Kawelea,36,867
2012,1,Hawaii,CHCRT,Acanthuridae,,Kole,23,"1,619"
2012,1,Hawaii,CHCRT,Kuhliidae,,Aholehole,15,591
2012,1,Hawaii,CHCRT,Carcharhinidae,,Shark-misc.,13,304
2012,1,Hawaii,CHCRT,Sphyraenidae,,Kaku,19,303
2012,1,Hawaii,CHCRT,Mullidae,,Moana kale,38,"1,201"
2012,1,Hawaii,CHCRT,Balistidae,,Humuhumu,10,152
2012,1,Hawaii,CHCRT,Mullidae,,Munu,21,301
2012,1,Hawaii,CHCRT,Holocentridae,,Alaihe,18,218
2012,1,Hawaii,CHCRT,Mugilidae,,Uouoa,6,200
2012,1,Hawaii,CHCRT,Acanthuridae,,Pakuikui (tang),7,308
2012,1,Hawaii,CHCRT,Mullidae,,Malu,7,28
2012,1,Hawaii,CHCRT,Scaridae,,Panuhunuhu,3,12
2012,1,Hawaii,CHCRT,Acanthuridae,,Api,5,35
2012,1,Hawaii,CHCRT,Labridae,,Poou,3,20
2012,1,Hawaii,CHCRT,Holocentridae,,Alaihe mama,8,67
2013,1,Hawaii,CHCRT,Carangidae,,Akule,59,"14,982"
2013,1,Hawaii,CHCRT,Carangidae,,Opelu,77,"131,477"
2013,1,Hawaii,CHCRT,Scaridae,,Uhu parrot-misc.,24,"7,611"
2013,1,Hawaii,CHCRT,Holocentridae,,Menpachi,90,"23,791"
2013,1,Hawaii,CHCRT,Mullidae,,Weke ula,28,420
2013,1,Hawaii,CHCRT,Acanthuridae,,Palani,16,"1,545"
2013,1,Hawaii,CHCRT,Acanthuridae,,Kala,12,432
2013,1,Hawaii,CHCRT,Kyphosidae,,Nenue,24,968
2013,1,Hawaii,CHCRT,Acanthuridae,,Manini,12,"2,655"
2013,1,Hawaii,CHCRT,Acanthuridae,,Pualu,7,563
2013,1,Hawaii,CHCRT,Acanthuridae,,Naenae,5,110
2013,1,Hawaii,CHCRT,Mullidae,,Weke nono,35,644
2013,1,Hawaii,CHCRT,Priacanthidae,,Aweoweo,56,"2,654"
2013,1,Hawaii,CHCRT,Mullidae,,Weke a'a,8,282
2013,1,Hawaii,CHCRT,Mullidae,,Kumu,25,"1,553"
2013,1,Hawaii,CHCRT,Acanthuridae,,Opelu kala,25,"2,873"
2013,1,Hawaii,CHCRT,Mullidae,,Moana,67,"1,850"
2013,1,Hawaii,CHCRT,Acanthuridae,,Maiko,6,63
2013,1,Hawaii,CHCRT,Labridae,,Aawa,58,"1,920"
2013,1,Hawaii,CHCRT,Acanthuridae,,Umaumalei,6,120
2013,1,Hawaii,CHCRT,Labridae,,Laenihi,37,791
2013,1,Hawaii,CHCRT,Sphyraenidae,,Kawelea,45,908
2013,1,Hawaii,CHCRT,Acanthuridae,,Kole,16,"1,393"
2013,1,Hawaii,CHCRT,Kuhliidae,,Aholehole,17,721
2013,1,Hawaii,CHCRT,Carcharhinidae,,Shark-misc.,12,210
2013,1,Hawaii,CHCRT,Sphyraenidae,,Kaku,25,399
2013,1,Hawaii,CHCRT,Mullidae,,Moana kale,37,786
2013,1,Hawaii,CHCRT,Balistidae,,Humuhumu,6,25
2013,1,Hawaii,CHCRT,Muraenidae,,Puhi eel-misc.,3,338
2013,1,Hawaii,CHCRT,Mullidae,,Munu,25,144
2013,1,Hawaii,CHCRT,Holocentridae,,Alaihe,26,375
2013,1,Hawaii,CHCRT,Mugilidae,,Uouoa,6,286
2013,1,Hawaii,CHCRT,Acanthuridae,,Pakuikui (tang),9,403
2013,1,Hawaii,CHCRT,Mullidae,,Malu,6,8
2013,1,Hawaii,CHCRT,Scaridae,,Panuhunuhu,3,11
2013,1,Hawaii,CHCRT,Mullidae,,Weke pueo,4,31
2013,1,Hawaii,CHCRT,Acanthuridae,,Api,3,21
2013,1,Hawaii,CHCRT,Holocentridae,,Alaihe mama,7,45
2014,1,Hawaii,CHCRT,Carangidae,,Akule,61,"13,005"
2014,1,Hawaii,CHCRT,Carangidae,,Opelu,76,"152,367"
2014,1,Hawaii,CHCRT,Scaridae,,Uhu parrot-misc.,25,"2,812"
2014,1,Hawaii,CHCRT,Holocentridae,,Menpachi,78,"16,328"
2014,1,Hawaii,CHCRT,Mullidae,,Weke ula,27,784
2014,1,Hawaii,CHCRT,Acanthuridae,,Palani,13,684
2014,1,Hawaii,CHCRT,Acanthuridae,,Kala,8,68
2014,1,Hawaii,CHCRT,Kyphosidae,,Nenue,28,"1,097"
2014,1,Hawaii,CHCRT,Carangidae,,Hahalalu,3,55
2014,1,Hawaii,CHCRT,Acanthuridae,,Manini,15,"1,693"
2014,1,Hawaii,CHCRT,Acanthuridae,,Pualu,7,"1,573"
2014,1,Hawaii,CHCRT,Mullidae,,Weke nono,29,"1,041"
2014,1,Hawaii,CHCRT,Priacanthidae,,Aweoweo,57,"3,086"
2014,1,Hawaii,CHCRT,Mugilidae,,Amaama,4,29
2014,1,Hawaii,CHCRT,Mullidae,,Weke a'a,12,91
2014,1,Hawaii,CHCRT,Mullidae,,Kumu,24,369
2014,1,Hawaii,CHCRT,Acanthuridae,,Opelu kala,22,919
2014,1,Hawaii,CHCRT,Mullidae,,Moana,36,"1,316"
2014,1,Hawaii,CHCRT,Acanthuridae,,Maiko,7,194
2014,1,Hawaii,CHCRT,Labridae,,Aawa,44,"1,359"
2014,1,Hawaii,CHCRT,Labridae,,Laenihi,22,"1,041"
2014,1,Hawaii,CHCRT,Sphyraenidae,,Kawelea,34,919
2014,1,Hawaii,CHCRT,Acanthuridae,,Kole,16,"1,882"
2014,1,Hawaii,CHCRT,Kuhliidae,,Aholehole,14,807
2014,1,Hawaii,CHCRT,Carcharhinidae,,Shark-misc.,6,103
2014,1,Hawaii,CHCRT,Sphyraenidae,,Kaku,28,470
2014,1,Hawaii,CHCRT,Mullidae,,Moana kale,31,951
2014,1,Hawaii,CHCRT,Balistidae,,Humuhumu,4,12
2014,1,Hawaii,CHCRT,Mullidae,,Munu,25,147
2014,1,Hawaii,CHCRT,Polynemidae,,Moi,4,34
2014,1,Hawaii,CHCRT,Holocentridae,,Alaihe,22,231
2014,1,Hawaii,CHCRT,Mugilidae,,Uouoa,6,487
2014,1,Hawaii,CHCRT,Acanthuridae,,Pakuikui (tang),6,190
2014,1,Hawaii,CHCRT,Scaridae,,Panuhunuhu,4,69
2014,1,Hawaii,CHCRT,Acanthuridae,,Api,4,59
2014,1,Hawaii,CHCRT,Holocentridae,,Alaihe mama,5,9
2015,1,Hawaii,CHCRT,Carangidae,,Akule,59,"17,708"
2015,1,Hawaii,CHCRT,Carangidae,,Opelu,61,"156,360"
2015,1,Hawaii,CHCRT,Scaridae,,Uhu parrot-misc.,16,"4,119"
2015,1,Hawaii,CHCRT,Holocentridae,,Menpachi,72,"14,559"
2015,1,Hawaii,CHCRT,Mullidae,,Weke ula,21,477
2015,1,Hawaii,CHCRT,Acanthuridae,,Palani,14,650
2015,1,Hawaii,CHCRT,Acanthuridae,,Kala,11,191
2015,1,Hawaii,CHCRT,Kyphosidae,,Nenue,18,594
2015,1,Hawaii,CHCRT,Carangidae,,Hahalalu,12,244
2015,1,Hawaii,CHCRT,Acanthuridae,,Manini,13,629
2015,1,Hawaii,CHCRT,Acanthuridae,,Pualu,5,601
2015,1,Hawaii,CHCRT,Mullidae,,Weke nono,24,611
2015,1,Hawaii,CHCRT,Priacanthidae,,Aweoweo,45,"3,939"
2015,1,Hawaii,CHCRT,Mullidae,,Weke a'a,6,118
2015,1,Hawaii,CHCRT,Mullidae,,Kumu,13,480
2015,1,Hawaii,CHCRT,Acanthuridae,,Opelu kala,18,654
2015,1,Hawaii,CHCRT,Mullidae,,Moana,31,"1,244"
2015,1,Hawaii,CHCRT,Acanthuridae,,Maiko,6,99
2015,1,Hawaii,CHCRT,Labridae,,Aawa,34,"1,024"
2015,1,Hawaii,CHCRT,Labridae,,Laenihi,25,643
2015,1,Hawaii,CHCRT,Sphyraenidae,,Kawelea,30,"1,735"
2015,1,Hawaii,CHCRT,Acanthuridae,,Kole,12,347
2015,1,Hawaii,CHCRT,Kuhliidae,,Aholehole,16,613
2015,1,Hawaii,CHCRT,Carcharhinidae,,Shark-misc.,6,0
2015,1,Hawaii,CHCRT,Sphyraenidae,,Kaku,36,325
2015,1,Hawaii,CHCRT,Mullidae,,Moana kale,23,522
2015,1,Hawaii,CHCRT,Mullidae,,Munu,10,42
2015,1,Hawaii,CHCRT,Polynemidae,,Moi,5,173
2015,1,Hawaii,CHCRT,Holocentridae,,Alaihe,19,133
2015,1,Hawaii,CHCRT,Mugilidae,,Uouoa,5,184
2015,1,Hawaii,CHCRT,Scaridae,,Panunu,4,11
2015,1,Hawaii,CHCRT,Acanthuridae,,Pakuikui (tang),3,112
2015,1,Hawaii,CHCRT,Acanthuridae,,Api,4,41
2015,1,Hawaii,CHCRT,Holocentridae,,Alaihe mama,5,47
2016,1,Hawaii,CHCRT,Carangidae,,Akule,57,"20,069"
2016,1,Hawaii,CHCRT,Carangidae,,Opelu,57,"103,566"
2016,1,Hawaii,CHCRT,Scaridae,,Uhu parrot-misc.,17,"3,294"
2016,1,Hawaii,CHCRT,Holocentridae,,Menpachi,66,"15,584"
2016,1,Hawaii,CHCRT,Mullidae,,Weke ula,24,"1,017"
2016,1,Hawaii,CHCRT,Acanthuridae,,Palani,11,152
2016,1,Hawaii,CHCRT,Acanthuridae,,Kala,7,394
2016,1,Hawaii,CHCRT,Kyphosidae,,Nenue,18,655
2016,1,Hawaii,CHCRT,Carangidae,,Hahalalu,10,534
2016,1,Hawaii,CHCRT,Acanthuridae,,Manini,12,549
2016,1,Hawaii,CHCRT,Acanthuridae,,Pualu,3,452
2016,1,Hawaii,CHCRT,Mullidae,,Weke nono,35,848
2016,1,Hawaii,CHCRT,Priacanthidae,,Aweoweo,39,"2,568"
2016,1,Hawaii,CHCRT,Mullidae,,Weke a'a,7,131
2016,1,Hawaii,CHCRT,Mullidae,,Kumu,14,708
2016,1,Hawaii,CHCRT,Acanthuridae,,Opelu kala,15,341
2016,1,Hawaii,CHCRT,Mullidae,,Moana,39,"2,140"
2016,1,Hawaii,CHCRT,Acanthuridae,,Maiko,4,43
2016,1,Hawaii,CHCRT,Labridae,,Aawa,45,"1,902"
2016,1,Hawaii,CHCRT,Labridae,,Laenihi,26,832
2016,1,Hawaii,CHCRT,Sphyraenidae,,Kawelea,32,830
2016,1,Hawaii,CHCRT,Acanthuridae,,Kole,12,658
2016,1,Hawaii,CHCRT,Kuhliidae,,Aholehole,13,690
2016,1,Hawaii,CHCRT,Carcharhinidae,,Shark-misc.,6,249
2016,1,Hawaii,CHCRT,Sphyraenidae,,Kaku,20,238
2016,1,Hawaii,CHCRT,Mullidae,,Moana kale,30,948
2016,1,Hawaii,CHCRT,Balistidae,,Humuhumu,4,30
2016,1,Hawaii,CHCRT,Mullidae,,Munu,17,91
2016,1,Hawaii,CHCRT,Holocentridae,,Alaihe,14,88
2016,1,Hawaii,CHCRT,Acanthuridae,,Pakuikui (tang),6,67
2016,1,Hawaii,CHCRT,Holocentridae,,Alaihe mama,4,10
2012,1,Hawaii,PHCRT,Carangidae,,Papa ulua,8,32
2012,1,Hawaii,PHCRT,Carangidae,,Omilu,16,"1,268"
2012,1,Hawaii,PHCRT,Carangidae,,Kamanu,56,"2,416"
2012,1,Hawaii,PHCRT,Lutjanidae,,Toau,49,875
2012,1,Hawaii,PHCRT,Lethrinidae,,Mu,13,"1,946"
2012,1,Hawaii,PHCRT,Serranidae,,Roi,4,131
2012,1,Hawaii,PHCRT,Scorpaenidae,,Hogo,28,282
2012,1,Hawaii,PHCRT,Pomacentridae,,Maomao,5,11
2012,1,Hawaii,PHCRT,Monacanthidae,,Olililepa,4,91
2012,1,Hawaii,PHCRT,Scorpaenidae,,Nohu,18,421
2012,1,Hawaii,PHCRT,Cirrhitidae,,Poopaa,12,30
2012,1,Hawaii,PHCRT,Carangidae,,Sasa ulua,3,58
2012,1,Hawaii,PHCRT,Belonidae,,Ahaaha,8,123
2012,1,Hawaii,PHCRT,Carangidae,,Lae,4,4
2012,1,Hawaii,PHCRT,Emmelichthyidae,,Golden kali,13,92
2012,1,Hawaii,PHCRT,Priacanthidae,,Aweoweo (deepsea),9,50
2012,1,Hawaii,PHCRT,Aulostamidae,,Nunu,3,69
2012,1,Hawaii,PHCRT,Labridae,,Ea (wrasse),5,41
2012,1,Hawaii,PHCRT,Acanthuridae,,Black kole,5,194
2012,1,Hawaii,PHCRT,Pomacentridae,,Kupipi,5,24
2012,1,Hawaii,PHCRT,Lutjanidae,,Wahanui,4,21
2013,1,Hawaii,PHCRT,Albulidae,,Oio,6,22
2013,1,Hawaii,PHCRT,Carangidae,,Papa ulua,10,152
2013,1,Hawaii,PHCRT,Carangidae,,Omilu,16,557
2013,1,Hawaii,PHCRT,Carangidae,,Kamanu,52,"1,473"
2013,1,Hawaii,PHCRT,Lutjanidae,,Toau,43,414
2013,1,Hawaii,PHCRT,Lethrinidae,,Mu,11,"1,753"
2013,1,Hawaii,PHCRT,Carangidae,,Dobe ulua,4,157
2013,1,Hawaii,PHCRT,Scorpaenidae,,Hogo,30,511
2013,1,Hawaii,PHCRT,Scorpaenidae,,Nohu,12,245
2013,1,Hawaii,PHCRT,Cirrhitidae,,Poopaa,9,21
2013,1,Hawaii,PHCRT,Carangidae,,Sasa ulua,4,158
2013,1,Hawaii,PHCRT,Belonidae,,Ahaaha,10,83
2013,1,Hawaii,PHCRT,Carangidae,,Lae,3,6
2013,1,Hawaii,PHCRT,Emmelichthyidae,,Golden kali,19,159
2013,1,Hawaii,PHCRT,Priacanthidae,,Aweoweo (deepsea),6,27
2013,1,Hawaii,PHCRT,Aulostamidae,,Nunu,4,72
2013,1,Hawaii,PHCRT,Labridae,,Ea (wrasse),6,30
2013,1,Hawaii,PHCRT,Carangidae,,Opelu mama,3,42
2013,1,Hawaii,PHCRT,Acanthuridae,,Black kole,3,97
2013,1,Hawaii,PHCRT,Lutjanidae,,Wahanui,4,18
2013,1,Hawaii,PHCRT,Gempylidae,,Hauliuli,3,11
2013,1,Hawaii,PHCRT,Lutjanidae,,Randall's snapper,4,51
2014,1,Hawaii,PHCRT,Carangidae,,Papa ulua,7,137
2014,1,Hawaii,PHCRT,Carangidae,,Omilu,19,420
2014,1,Hawaii,PHCRT,Carangidae,,Kamanu,70,"2,932"
2014,1,Hawaii,PHCRT,Lutjanidae,,Toau,34,233
2014,1,Hawaii,PHCRT,Lethrinidae,,Mu,14,171
2014,1,Hawaii,PHCRT,Carangidae,,Dobe ulua,3,471
2014,1,Hawaii,PHCRT,Scorpaenidae,,Hogo,27,338
2014,1,Hawaii,PHCRT,Scorpaenidae,,Nohu,11,175
2014,1,Hawaii,PHCRT,Carangidae,,Ulua-misc.,6,105
2014,1,Hawaii,PHCRT,Cirrhitidae,,Poopaa,11,28
2014,1,Hawaii,PHCRT,Carangidae,,Lae,3,5
2014,1,Hawaii,PHCRT,Emmelichthyidae,,Golden kali,10,101
2014,1,Hawaii,PHCRT,Priacanthidae,,Aweoweo (deepsea),14,130
2014,1,Hawaii,PHCRT,Carangidae,,Opelu mama,5,37
2014,1,Hawaii,PHCRT,Pomacentridae,,Kupipi,4,77
2014,1,Hawaii,PHCRT,Lutjanidae,,Wahanui,6,31
2015,1,Hawaii,PHCRT,Albulidae,,Oio,6,124
2015,1,Hawaii,PHCRT,Carangidae,,Papa ulua,8,60
2015,1,Hawaii,PHCRT,Carangidae,,Omilu,15,609
2015,1,Hawaii,PHCRT,Carangidae,,Kamanu,64,"1,484"
2015,1,Hawaii,PHCRT,Lutjanidae,,Toau,35,290
2015,1,Hawaii,PHCRT,Lethrinidae,,Mu,11,275
2015,1,Hawaii,PHCRT,Scorpaenidae,,Hogo,22,237
2015,1,Hawaii,PHCRT,Monacanthidae,,Olililepa,3,32
2015,1,Hawaii,PHCRT,Scorpaenidae,,Nohu,11,523
2015,1,Hawaii,PHCRT,Carangidae,,Ulua-misc.,9,237
2015,1,Hawaii,PHCRT,Cirrhitidae,,Poopaa,6,16
2015,1,Hawaii,PHCRT,Carangidae,,Sasa ulua,3,268
2015,1,Hawaii,PHCRT,Belonidae,,Ahaaha,10,85
2015,1,Hawaii,PHCRT,Carangidae,,Lae,4,10
2015,1,Hawaii,PHCRT,Emmelichthyidae,,Golden kali,8,40
2015,1,Hawaii,PHCRT,Priacanthidae,,Aweoweo (deepsea),3,50
2015,1,Hawaii,PHCRT,Labridae,,Ea (wrasse),3,76
2015,1,Hawaii,PHCRT,Lutjanidae,,Wahanui,7,43
2015,1,Hawaii,PHCRT,Lutjanidae,,Randall's snapper,3,72
2016,1,Hawaii,PHCRT,Albulidae,,Oio,5,90
2016,1,Hawaii,PHCRT,Carangidae,,Papa ulua,8,222
2016,1,Hawaii,PHCRT,Carangidae,,Omilu,16,490
2016,1,Hawaii,PHCRT,Carangidae,,Kamanu,64,"2,189"
2016,1,Hawaii,PHCRT,Lutjanidae,,Toau,39,376
2016,1,Hawaii,PHCRT,Lethrinidae,,Mu,14,275
2016,1,Hawaii,PHCRT,Scorpaenidae,,Hogo,19,106
2016,1,Hawaii,PHCRT,Scorpaenidae,,Nohu,9,346
2016,1,Hawaii,PHCRT,Cirrhitidae,,Poopaa,7,20
2016,1,Hawaii,PHCRT,Belonidae,,Ahaaha,4,45
2016,1,Hawaii,PHCRT,Emmelichthyidae,,Golden kali,7,23
2016,1,Hawaii,PHCRT,Aulostamidae,,Nunu,4,67
2016,1,Hawaii,PHCRT,Acanthuridae,,Black kole,4,24
2012,1,Hawaii,PMUS,Scombridae,,Yellowfin tuna,572,"1,003,857"
2012,1,Hawaii,PMUS,Scombridae,,Bigeye tuna,174,"251,332"
2012,1,Hawaii,PMUS,Coryphaenidae,,Mahimahi,533,"344,688"
2012,1,Hawaii,PMUS,Scombridae,,Ono,569,"262,911"
2012,1,Hawaii,PMUS,Scombridae,,Aku,313,"88,083"
2012,1,Hawaii,PMUS,Istiophoridae,,Blue marlin,220,"147,167"
2012,1,Hawaii,PMUS,Scombridae,,Tombo,250,"562,319"
2012,1,Hawaii,PMUS,Bramidae,,Monchong,21,"9,295"
2012,1,Hawaii,PMUS,Istiophoridae,,S.N. spearfish,118,"14,151"
2012,1,Hawaii,PMUS,Istiophoridae,,Striped marlin,70,"7,169"
2012,1,Hawaii,PMUS,Scombridae,,Kawakawa,35,697
2012,1,Hawaii,PMUS,Xiphiidae,,Swordfish,57,"14,196"
2012,1,Hawaii,PMUS,Istiophoridae,,Black marlin,10,"2,255"
2012,1,Hawaii,PMUS,Istiophoridae,,Sailfish,10,701
2012,1,Hawaii,PMUS,Alopiidae,,Thresher shark,22,"3,164"
2012,1,Hawaii,PMUS,Lamnidae,,Mako,11,"1,613"
2012,1,Hawaii,PMUS,Exocoetidae,,Walu,8,268
2012,1,Hawaii,PMUS,Scombridae,,Tuna-misc.,5,"1,293"
2012,1,Hawaii,PMUS,Scombridae,,Keokeo,4,84
2013,1,Hawaii,PMUS,Scombridae,,Yellowfin tuna,548,"1,178,558"
2013,1,Hawaii,PMUS,Scombridae,,Bigeye tuna,188,"290,378"
2013,1,Hawaii,PMUS,Coryphaenidae,,Mahimahi,522,"254,074"
2013,1,Hawaii,PMUS,Scombridae,,Ono,573,"260,548"
2013,1,Hawaii,PMUS,Scombridae,,Aku,267,"71,446"
2013,1,Hawaii,PMUS,Istiophoridae,,Blue marlin,222,"129,479"
2013,1,Hawaii,PMUS,Scombridae,,Tombo,156,"104,248"
2013,1,Hawaii,PMUS,Bramidae,,Monchong,36,"39,341"
2013,1,Hawaii,PMUS,Istiophoridae,,S.N. spearfish,118,"14,093"
2013,1,Hawaii,PMUS,Istiophoridae,,Striped marlin,58,"6,065"
2013,1,Hawaii,PMUS,Scombridae,,Kawakawa,29,943
2013,1,Hawaii,PMUS,Xiphiidae,,Swordfish,44,"14,781"
2013,1,Hawaii,PMUS,Istiophoridae,,Black marlin,12,"3,380"
2013,1,Hawaii,PMUS,Istiophoridae,,Sailfish,13,899
2013,1,Hawaii,PMUS,Alopiidae,,Thresher shark,12,"1,345"
2013,1,Hawaii,PMUS,Lamnidae,,Mako,6,815
2013,1,Hawaii,PMUS,Exocoetidae,,Walu,9,448
2013,1,Hawaii,PMUS,Scombridae,,Tuna-misc.,4,168
2013,1,Hawaii,PMUS,Carcharhinidae,,Blue shark,3,0
2013,1,Hawaii,PMUS,Carcharhinidae,,Oceanic whitetip,6,80
2013,1,Hawaii,PMUS,Scombridae,,Keokeo,3,85
2014,1,Hawaii,PMUS,Scombridae,,Yellowfin tuna,573,"1,241,338"
2014,1,Hawaii,PMUS,Scombridae,,Bigeye tuna,184,"250,672"
2014,1,Hawaii,PMUS,Coryphaenidae,,Mahimahi,524,"349,617"
2014,1,Hawaii,PMUS,Scombridae,,Ono,583,"292,721"
2014,1,Hawaii,PMUS,Scombridae,,Aku,278,"61,938"
2014,1,Hawaii,PMUS,Istiophoridae,,Blue marlin,227,"155,614"
2014,1,Hawaii,PMUS,Scombridae,,Tombo,174,"111,298"
2014,1,Hawaii,PMUS,Bramidae,,Monchong,24,"37,469"
2014,1,Hawaii,PMUS,Istiophoridae,,S.N. spearfish,101,"10,562"
2014,1,Hawaii,PMUS,Istiophoridae,,Striped marlin,68,"7,485"
2014,1,Hawaii,PMUS,Scombridae,,Kawakawa,61,"2,433"
2014,1,Hawaii,PMUS,Xiphiidae,,Swordfish,62,"16,814"
2014,1,Hawaii,PMUS,Istiophoridae,,Black marlin,11,"2,225"
2014,1,Hawaii,PMUS,Istiophoridae,,Sailfish,17,"1,178"
2014,1,Hawaii,PMUS,Alopiidae,,Thresher shark,12,"1,916"
2014,1,Hawaii,PMUS,Exocoetidae,,Walu,14,344
2014,1,Hawaii,PMUS,Scombridae,,Tuna-misc.,6,103
2014,1,Hawaii,PMUS,Carcharhinidae,,Oceanic whitetip,3,0
2015,1,Hawaii,PMUS,Scombridae,,Yellowfin tuna,535,"1,176,385"
2015,1,Hawaii,PMUS,Scombridae,,Bigeye tuna,115,"106,997"
2015,1,Hawaii,PMUS,Coryphaenidae,,Mahimahi,483,"274,956"
2015,1,Hawaii,PMUS,Scombridae,,Ono,537,"275,308"
2015,1,Hawaii,PMUS,Scombridae,,Aku,262,"42,465"
2015,1,Hawaii,PMUS,Istiophoridae,,Blue marlin,252,"153,758"
2015,1,Hawaii,PMUS,Scombridae,,Tombo,165,"143,860"
2015,1,Hawaii,PMUS,Bramidae,,Monchong,31,"27,631"
2015,1,Hawaii,PMUS,Istiophoridae,,S.N. spearfish,102,"14,442"
2015,1,Hawaii,PMUS,Istiophoridae,,Striped marlin,60,"8,020"
2015,1,Hawaii,PMUS,Scombridae,,Kawakawa,75,"3,925"
2015,1,Hawaii,PMUS,Xiphiidae,,Swordfish,63,"11,982"
2015,1,Hawaii,PMUS,Istiophoridae,,Black marlin,16,"2,301"
2015,1,Hawaii,PMUS,Istiophoridae,,Sailfish,24,"2,775"
2015,1,Hawaii,PMUS,Alopiidae,,Thresher shark,6,"1,863"
2015,1,Hawaii,PMUS,Lamnidae,,Mako,3,831
2015,1,Hawaii,PMUS,Exocoetidae,,Walu,9,236
2015,1,Hawaii,PMUS,Scombridae,,Tuna-misc.,5,253
2015,1,Hawaii,PMUS,Carcharhinidae,,Oceanic whitetip,6,0
2015,1,Hawaii,PMUS,Scombridae,,Keokeo,4,14
2016,1,Hawaii,PMUS,Scombridae,,Yellowfin tuna,467,"740,211"
2016,1,Hawaii,PMUS,Scombridae,,Bigeye tuna,136,"128,835"
2016,1,Hawaii,PMUS,Coryphaenidae,,Mahimahi,384,"190,230"
2016,1,Hawaii,PMUS,Scombridae,,Ono,456,"166,182"
2016,1,Hawaii,PMUS,Scombridae,,Aku,219,"47,913"
2016,1,Hawaii,PMUS,Istiophoridae,,Blue marlin,207,"105,665"
2016,1,Hawaii,PMUS,Scombridae,,Tombo,113,"52,097"
2016,1,Hawaii,PMUS,Bramidae,,Monchong,27,"29,422"
2016,1,Hawaii,PMUS,Istiophoridae,,S.N. spearfish,126,"21,601"
2016,1,Hawaii,PMUS,Istiophoridae,,Striped marlin,66,"7,797"
2016,1,Hawaii,PMUS,Scombridae,,Kawakawa,69,"2,885"
2016,1,Hawaii,PMUS,Xiphiidae,,Swordfish,37,"8,757"
2016,1,Hawaii,PMUS,Istiophoridae,,Black marlin,16,"2,926"
2016,1,Hawaii,PMUS,Istiophoridae,,Sailfish,18,"1,050"
2016,1,Hawaii,PMUS,Alopiidae,,Thresher shark,9,591
2016,1,Hawaii,PMUS,Lamnidae,,Mako,8,"1,634"
2016,1,Hawaii,PMUS,Exocoetidae,,Walu,4,112
2016,1,Hawaii,PMUS,Scombridae,,Tuna-misc.,3,115
2012,2,Maui County,BMUS,Lutjanidae,,Opakapaka,106,"62,535"
2012,2,Maui County,BMUS,Lutjanidae,,Uku,107,"17,523"
2012,2,Maui County,BMUS,Lutjanidae,,Onaga,83,"31,209"
2012,2,Maui County,BMUS,Lutjanidae,,Taape,62,"10,386"
2012,2,Maui County,BMUS,Lutjanidae,,Ehu,83,"8,582"
2012,2,Maui County,BMUS,Carangidae,,Kahala,25,"1,955"
2012,2,Maui County,BMUS,Lutjanidae,,Kalekale,51,"4,279"
2012,2,Maui County,BMUS,Carangidae,,White ulua,40,"4,603"
2012,2,Maui County,BMUS,Lutjanidae,,Lehi,24,"3,760"
2012,2,Maui County,BMUS,Serranidae,,Hapuupuu,42,"1,759"
2012,2,Maui County,BMUS,Lutjanidae,,Gindai,29,218
2012,2,Maui County,BMUS,Carangidae,,Butaguchi ulua,6,80
2012,2,Maui County,BMUS,Carangidae,,Gunkan ulua,3,88
2013,2,Maui County,BMUS,Lutjanidae,,Opakapaka,100,"71,081"
2013,2,Maui County,BMUS,Lutjanidae,,Uku,92,"19,904"
2013,2,Maui County,BMUS,Lutjanidae,,Onaga,76,"38,339"
2013,2,Maui County,BMUS,Lutjanidae,,Taape,46,"8,063"
2013,2,Maui County,BMUS,Lutjanidae,,Ehu,78,"10,180"
2013,2,Maui County,BMUS,Carangidae,,Kahala,27,"1,229"
2013,2,Maui County,BMUS,Lutjanidae,,Kalekale,58,"3,846"
2013,2,Maui County,BMUS,Carangidae,,White ulua,46,"3,475"
2013,2,Maui County,BMUS,Lutjanidae,,Lehi,26,"2,962"
2013,2,Maui County,BMUS,Serranidae,,Hapuupuu,42,"2,542"
2013,2,Maui County,BMUS,Lutjanidae,,Gindai,23,212
2013,2,Maui County,BMUS,Carangidae,,Butaguchi ulua,4,44
2014,2,Maui County,BMUS,Lutjanidae,,Opakapaka,103,"86,585"
2014,2,Maui County,BMUS,Lutjanidae,,Uku,90,"18,340"
2014,2,Maui County,BMUS,Lutjanidae,,Onaga,79,"42,864"
2014,2,Maui County,BMUS,Lutjanidae,,Taape,51,"6,534"
2014,2,Maui County,BMUS,Lutjanidae,,Ehu,78,"11,005"
2014,2,Maui County,BMUS,Carangidae,,Kahala,17,823
2014,2,Maui County,BMUS,Lutjanidae,,Kalekale,56,"5,382"
2014,2,Maui County,BMUS,Carangidae,,White ulua,39,"3,341"
2014,2,Maui County,BMUS,Lutjanidae,,Lehi,38,"3,067"
2014,2,Maui County,BMUS,Serranidae,,Hapuupuu,45,"1,988"
2014,2,Maui County,BMUS,Lutjanidae,,Gindai,21,224
2014,2,Maui County,BMUS,Carangidae,,Gunkan ulua,3,100
2015,2,Maui County,BMUS,Lutjanidae,,Opakapaka,92,"69,638"
2015,2,Maui County,BMUS,Lutjanidae,,Uku,95,"20,737"
2015,2,Maui County,BMUS,Lutjanidae,,Onaga,57,"25,363"
2015,2,Maui County,BMUS,Lutjanidae,,Taape,42,"1,608"
2015,2,Maui County,BMUS,Lutjanidae,,Ehu,66,"11,156"
2015,2,Maui County,BMUS,Carangidae,,Kahala,24,893
2015,2,Maui County,BMUS,Lutjanidae,,Kalekale,49,"3,243"
2015,2,Maui County,BMUS,Carangidae,,White ulua,37,"2,315"
2015,2,Maui County,BMUS,Lutjanidae,,Lehi,30,"5,157"
2015,2,Maui County,BMUS,Serranidae,,Hapuupuu,38,"2,720"
2015,2,Maui County,BMUS,Lutjanidae,,Gindai,27,214
2016,2,Maui County,BMUS,Lutjanidae,,Opakapaka,83,"61,500"
2016,2,Maui County,BMUS,Lutjanidae,,Uku,91,"31,351"
2016,2,Maui County,BMUS,Lutjanidae,,Onaga,61,"18,043"
2016,2,Maui County,BMUS,Lutjanidae,,Taape,40,"1,188"
2016,2,Maui County,BMUS,Lutjanidae,,Ehu,67,"14,205"
2016,2,Maui County,BMUS,Carangidae,,Kahala,17,904
2016,2,Maui County,BMUS,Lutjanidae,,Kalekale,36,"2,227"
2016,2,Maui County,BMUS,Carangidae,,White ulua,40,"2,764"
2016,2,Maui County,BMUS,Lutjanidae,,Lehi,22,"1,861"
2016,2,Maui County,BMUS,Serranidae,,Hapuupuu,34,"1,904"
2016,2,Maui County,BMUS,Lutjanidae,,Gindai,15,119
2016,2,Maui County,BMUS,Carangidae,,Butaguchi ulua,3,105
2012,2,Cross Seamount,CHCRT,Sphyraenidae,,Kaku,3,272
2013,2,Cross Seamount,CHCRT,Sphyraenidae,,Kaku,5,737
2015,2,Cross Seamount,CHCRT,Sphyraenidae,,Kaku,4,465
2012,2,Maui County,CHCRT,Carangidae,,Akule,29,"30,101"
2012,2,Maui County,CHCRT,Carangidae,,Opelu,39,"16,140"
2012,2,Maui County,CHCRT,Scaridae,,Uhu parrot-misc.,25,"14,556"
2012,2,Maui County,CHCRT,Holocentridae,,Menpachi,39,"5,804"
2012,2,Maui County,CHCRT,Mullidae,,Weke ula,13,"4,314"
2012,2,Maui County,CHCRT,Acanthuridae,,Palani,18,"4,542"
2012,2,Maui County,CHCRT,Acanthuridae,,Kala,11,"6,601"
2012,2,Maui County,CHCRT,Kyphosidae,,Nenue,18,"7,960"
2012,2,Maui County,CHCRT,Acanthuridae,,Manini,17,"4,022"
2012,2,Maui County,CHCRT,Acanthuridae,,Pualu,4,740
2012,2,Maui County,CHCRT,Acanthuridae,,Naenae,3,525
2012,2,Maui County,CHCRT,Mullidae,,Weke nono,27,"1,742"
2012,2,Maui County,CHCRT,Priacanthidae,,Aweoweo,14,168
2012,2,Maui County,CHCRT,Mullidae,,Weke a'a,8,"1,140"
2012,2,Maui County,CHCRT,Mullidae,,Kumu,17,450
2012,2,Maui County,CHCRT,Acanthuridae,,Opelu kala,4,128
2012,2,Maui County,CHCRT,Mullidae,,Moana,25,"1,757"
2012,2,Maui County,CHCRT,Labridae,,Aawa,23,141
2012,2,Maui County,CHCRT,Acanthuridae,,Umaumalei,3,"2,802"
2012,2,Maui County,CHCRT,Labridae,,Laenihi,29,"1,197"
2012,2,Maui County,CHCRT,Sphyraenidae,,Kawelea,18,722
2012,2,Maui County,CHCRT,Acanthuridae,,Kole,12,"2,485"
2012,2,Maui County,CHCRT,Kuhliidae,,Aholehole,7,287
2012,2,Maui County,CHCRT,Carcharhinidae,,Shark-misc.,7,10
2012,2,Maui County,CHCRT,Sphyraenidae,,Kaku,16,223
2012,2,Maui County,CHCRT,Mullidae,,Moana kale,22,652
2012,2,Maui County,CHCRT,Balistidae,,Humuhumu,8,79
2012,2,Maui County,CHCRT,Mullidae,,Munu,4,38
2012,2,Maui County,CHCRT,Polynemidae,,Moi,3,124
2012,2,Maui County,CHCRT,Holocentridae,,Alaihe,6,43
2012,2,Maui County,CHCRT,Carangidae,,Kagami ulua,7,252
2012,2,Maui County,CHCRT,Holocentridae,,Alaihe mama,3,10
2013,2,Maui County,CHCRT,Carangidae,,Akule,27,"38,329"
2013,2,Maui County,CHCRT,Carangidae,,Opelu,54,"21,701"
2013,2,Maui County,CHCRT,Scaridae,,Uhu parrot-misc.,10,"11,126"
2013,2,Maui County,CHCRT,Holocentridae,,Menpachi,24,"3,587"
2013,2,Maui County,CHCRT,Mullidae,,Weke ula,8,"1,670"
2013,2,Maui County,CHCRT,Acanthuridae,,Palani,11,"3,488"
2013,2,Maui County,CHCRT,Acanthuridae,,Kala,12,"6,595"
2013,2,Maui County,CHCRT,Kyphosidae,,Nenue,13,"5,138"
2013,2,Maui County,CHCRT,Acanthuridae,,Manini,8,"3,226"
2013,2,Maui County,CHCRT,Acanthuridae,,Pualu,6,408
2013,2,Maui County,CHCRT,Mullidae,,Weke nono,32,"1,572"
2013,2,Maui County,CHCRT,Priacanthidae,,Aweoweo,14,248
2013,2,Maui County,CHCRT,Mullidae,,Weke a'a,7,"1,198"
2013,2,Maui County,CHCRT,Mullidae,,Kumu,10,153
2013,2,Maui County,CHCRT,Acanthuridae,,Opelu kala,5,644
2013,2,Maui County,CHCRT,Mullidae,,Moana,21,"1,573"
2013,2,Maui County,CHCRT,Labridae,,Aawa,12,94
2013,2,Maui County,CHCRT,Acanthuridae,,Umaumalei,3,"2,076"
2013,2,Maui County,CHCRT,Labridae,,Laenihi,30,"1,616"
2013,2,Maui County,CHCRT,Sphyraenidae,,Kawelea,11,344
2013,2,Maui County,CHCRT,Acanthuridae,,Kole,9,993
2013,2,Maui County,CHCRT,Kuhliidae,,Aholehole,6,47
2013,2,Maui County,CHCRT,Carcharhinidae,,Shark-misc.,10,0
2013,2,Maui County,CHCRT,Sphyraenidae,,Kaku,14,262
2013,2,Maui County,CHCRT,Mullidae,,Moana kale,21,324
2013,2,Maui County,CHCRT,Balistidae,,Humuhumu,5,84
2013,2,Maui County,CHCRT,Mullidae,,Munu,3,29
2013,2,Maui County,CHCRT,Carangidae,,Kagami ulua,5,57
2013,2,Maui County,CHCRT,Mullidae,,Weke pueo,4,147
2014,2,Maui County,CHCRT,Carangidae,,Akule,36,"31,804"
2014,2,Maui County,CHCRT,Carangidae,,Opelu,43,"18,623"
2014,2,Maui County,CHCRT,Scaridae,,Uhu parrot-misc.,13,"8,341"
2014,2,Maui County,CHCRT,Holocentridae,,Menpachi,30,"4,383"
2014,2,Maui County,CHCRT,Mullidae,,Weke ula,9,"5,284"
2014,2,Maui County,CHCRT,Acanthuridae,,Palani,8,"3,634"
2014,2,Maui County,CHCRT,Acanthuridae,,Kala,13,"5,284"
2014,2,Maui County,CHCRT,Kyphosidae,,Nenue,20,"6,224"
2014,2,Maui County,CHCRT,Acanthuridae,,Manini,11,"2,156"
2014,2,Maui County,CHCRT,Acanthuridae,,Pualu,5,880
2014,2,Maui County,CHCRT,Mullidae,,Weke nono,28,667
2014,2,Maui County,CHCRT,Priacanthidae,,Aweoweo,15,201
2014,2,Maui County,CHCRT,Mullidae,,Weke a'a,4,366
2014,2,Maui County,CHCRT,Mullidae,,Kumu,12,240
2014,2,Maui County,CHCRT,Acanthuridae,,Opelu kala,4,110
2014,2,Maui County,CHCRT,Mullidae,,Moana,15,772
2014,2,Maui County,CHCRT,Labridae,,Aawa,10,172
2014,2,Maui County,CHCRT,Acanthuridae,,Umaumalei,3,"1,748"
2014,2,Maui County,CHCRT,Labridae,,Laenihi,23,"1,794"
2014,2,Maui County,CHCRT,Sphyraenidae,,Kawelea,18,199
2014,2,Maui County,CHCRT,Acanthuridae,,Kole,12,590
2014,2,Maui County,CHCRT,Kuhliidae,,Aholehole,5,105
2014,2,Maui County,CHCRT,Carcharhinidae,,Shark-misc.,9,0
2014,2,Maui County,CHCRT,Sphyraenidae,,Kaku,14,248
2014,2,Maui County,CHCRT,Mullidae,,Moana kale,17,108
2014,2,Maui County,CHCRT,Balistidae,,Humuhumu,5,31
2014,2,Maui County,CHCRT,Mullidae,,Munu,3,12
2014,2,Maui County,CHCRT,Polynemidae,,Moi,3,32
2014,2,Maui County,CHCRT,Carangidae,,Kagami ulua,5,61
2015,2,Maui County,CHCRT,Carangidae,,Akule,30,"30,937"
2015,2,Maui County,CHCRT,Carangidae,,Opelu,30,"8,340"
2015,2,Maui County,CHCRT,Scaridae,,Uhu parrot-misc.,7,"1,762"
2015,2,Maui County,CHCRT,Holocentridae,,Menpachi,29,"4,542"
2015,2,Maui County,CHCRT,Mullidae,,Weke ula,10,"7,111"
2015,2,Maui County,CHCRT,Acanthuridae,,Palani,13,"3,454"
2015,2,Maui County,CHCRT,Acanthuridae,,Kala,11,"4,878"
2015,2,Maui County,CHCRT,Kyphosidae,,Nenue,19,"5,806"
2015,2,Maui County,CHCRT,Acanthuridae,,Manini,12,"2,284"
2015,2,Maui County,CHCRT,Acanthuridae,,Pualu,3,890
2015,2,Maui County,CHCRT,Mullidae,,Weke nono,26,"1,072"
2015,2,Maui County,CHCRT,Priacanthidae,,Aweoweo,16,493
2015,2,Maui County,CHCRT,Mullidae,,Weke a'a,3,453
2015,2,Maui County,CHCRT,Mullidae,,Kumu,7,121
2015,2,Maui County,CHCRT,Acanthuridae,,Opelu kala,3,116
2015,2,Maui County,CHCRT,Mullidae,,Moana,9,102
2015,2,Maui County,CHCRT,Labridae,,Aawa,10,99
2015,2,Maui County,CHCRT,Acanthuridae,,Umaumalei,3,"2,401"
2015,2,Maui County,CHCRT,Labridae,,Laenihi,25,"2,399"
2015,2,Maui County,CHCRT,Sphyraenidae,,Kawelea,16,356
2015,2,Maui County,CHCRT,Acanthuridae,,Kole,6,776
2015,2,Maui County,CHCRT,Kuhliidae,,Aholehole,4,55
2015,2,Maui County,CHCRT,Carcharhinidae,,Shark-misc.,10,300
2015,2,Maui County,CHCRT,Sphyraenidae,,Kaku,25,262
2015,2,Maui County,CHCRT,Mullidae,,Moana kale,7,79
2015,2,Maui County,CHCRT,Balistidae,,Humuhumu,3,49
2015,2,Maui County,CHCRT,Mullidae,,Munu,3,11
2015,2,Maui County,CHCRT,Holocentridae,,Alaihe,4,10
2015,2,Maui County,CHCRT,Mugilidae,,Uouoa,3,54
2015,2,Maui County,CHCRT,Carangidae,,Kagami ulua,3,41
2016,2,Maui County,CHCRT,Carangidae,,Akule,26,"142,269"
2016,2,Maui County,CHCRT,Carangidae,,Opelu,21,"6,845"
2016,2,Maui County,CHCRT,Scaridae,,Uhu parrot-misc.,10,"2,319"
2016,2,Maui County,CHCRT,Holocentridae,,Menpachi,25,"5,280"
2016,2,Maui County,CHCRT,Mullidae,,Weke ula,10,"3,124"
2016,2,Maui County,CHCRT,Acanthuridae,,Palani,6,"3,336"
2016,2,Maui County,CHCRT,Acanthuridae,,Kala,9,"4,279"
2016,2,Maui County,CHCRT,Kyphosidae,,Nenue,13,"3,511"
2016,2,Maui County,CHCRT,Acanthuridae,,Manini,8,"2,814"
2016,2,Maui County,CHCRT,Acanthuridae,,Pualu,3,680
2016,2,Maui County,CHCRT,Mullidae,,Weke nono,18,755
2016,2,Maui County,CHCRT,Priacanthidae,,Aweoweo,12,447
2016,2,Maui County,CHCRT,Mullidae,,Weke a'a,4,559
2016,2,Maui County,CHCRT,Mullidae,,Kumu,11,191
2016,2,Maui County,CHCRT,Acanthuridae,,Opelu kala,5,373
2016,2,Maui County,CHCRT,Mullidae,,Moana,12,83
2016,2,Maui County,CHCRT,Labridae,,Aawa,10,98
2016,2,Maui County,CHCRT,Acanthuridae,,Umaumalei,3,"2,250"
2016,2,Maui County,CHCRT,Labridae,,Laenihi,23,"1,814"
2016,2,Maui County,CHCRT,Sphyraenidae,,Kawelea,12,174
2016,2,Maui County,CHCRT,Acanthuridae,,Kole,3,407
2016,2,Maui County,CHCRT,Kuhliidae,,Aholehole,6,220
2016,2,Maui County,CHCRT,Carcharhinidae,,Shark-misc.,6,580
2016,2,Maui County,CHCRT,Sphyraenidae,,Kaku,17,196
2016,2,Maui County,CHCRT,Mullidae,,Moana kale,14,142
2016,2,Maui County,CHCRT,Balistidae,,Humuhumu,6,62
2016,2,Maui County,CHCRT,Polynemidae,,Moi,3,27
2016,2,Maui County,CHCRT,Labridae,,Poou,3,23
2012,2,Maui County,PHCRT,Albulidae,,Oio,7,402
2012,2,Maui County,PHCRT,Carangidae,,Papa ulua,29,"10,354"
2012,2,Maui County,PHCRT,Carangidae,,Omilu,28,"1,794"
2012,2,Maui County,PHCRT,Carangidae,,Kamanu,14,524
2012,2,Maui County,PHCRT,Lutjanidae,,Toau,14,"1,844"
2012,2,Maui County,PHCRT,Lethrinidae,,Mu,7,115
2012,2,Maui County,PHCRT,Carangidae,,Dobe ulua,13,"1,139"
2012,2,Maui County,PHCRT,Serranidae,,Roi,15,"1,516"
2012,2,Maui County,PHCRT,Scorpaenidae,,Hogo,22,279
2012,2,Maui County,PHCRT,Pomacentridae,,Maomao,4,"1,773"
2012,2,Maui County,PHCRT,Chanidae,,Awa,4,62
2012,2,Maui County,PHCRT,Scorpaenidae,,Nohu,9,"1,047"
2012,2,Maui County,PHCRT,Cirrhitidae,,Poopaa,6,278
2012,2,Maui County,PHCRT,Belonidae,,Ahaaha,4,371
2012,2,Maui County,PHCRT,Carangidae,,Lae,3,8
2012,2,Maui County,PHCRT,Emmelichthyidae,,Golden kali,10,53
2012,2,Maui County,PHCRT,Priacanthidae,,Aweoweo (deepsea),4,47
2012,2,Maui County,PHCRT,Labridae,,Ea (wrasse),10,128
2012,2,Maui County,PHCRT,Pomacentridae,,Kupipi,5,121
2013,2,Maui County,PHCRT,Albulidae,,Oio,7,"1,220"
2013,2,Maui County,PHCRT,Carangidae,,Papa ulua,26,"5,137"
2013,2,Maui County,PHCRT,Carangidae,,Omilu,37,"1,124"
2013,2,Maui County,PHCRT,Carangidae,,Kamanu,17,599
2013,2,Maui County,PHCRT,Lutjanidae,,Toau,8,147
2013,2,Maui County,PHCRT,Lethrinidae,,Mu,4,181
2013,2,Maui County,PHCRT,Carangidae,,Dobe ulua,8,"1,592"
2013,2,Maui County,PHCRT,Serranidae,,Roi,14,979
2013,2,Maui County,PHCRT,Scorpaenidae,,Hogo,14,214
2013,2,Maui County,PHCRT,Pomacentridae,,Maomao,4,672
2013,2,Maui County,PHCRT,Scorpaenidae,,Nohu,7,393
2013,2,Maui County,PHCRT,Cirrhitidae,,Poopaa,3,97
2013,2,Maui County,PHCRT,Carangidae,,Sasa ulua,3,64
2013,2,Maui County,PHCRT,Belonidae,,Ahaaha,4,102
2013,2,Maui County,PHCRT,Carangidae,,Lae,7,14
2013,2,Maui County,PHCRT,Emmelichthyidae,,Golden kali,5,66
2013,2,Maui County,PHCRT,Labridae,,Ea (wrasse),8,115
2014,2,Maui County,PHCRT,Albulidae,,Oio,6,535
2014,2,Maui County,PHCRT,Carangidae,,Papa ulua,32,"5,391"
2014,2,Maui County,PHCRT,Carangidae,,Omilu,29,"1,190"
2014,2,Maui County,PHCRT,Carangidae,,Kamanu,31,"1,059"
2014,2,Maui County,PHCRT,Lutjanidae,,Toau,10,42
2014,2,Maui County,PHCRT,Lethrinidae,,Mu,3,28
2014,2,Maui County,PHCRT,Carangidae,,Dobe ulua,4,115
2014,2,Maui County,PHCRT,Serranidae,,Roi,5,382
2014,2,Maui County,PHCRT,Scorpaenidae,,Hogo,15,222
2014,2,Maui County,PHCRT,Pomacentridae,,Maomao,3,235
2014,2,Maui County,PHCRT,Scorpaenidae,,Nohu,8,237
2014,2,Maui County,PHCRT,Carangidae,,Ulua-misc.,19,812
2014,2,Maui County,PHCRT,Cirrhitidae,,Poopaa,4,86
2014,2,Maui County,PHCRT,Belonidae,,Ahaaha,5,114
2014,2,Maui County,PHCRT,Emmelichthyidae,,Golden kali,4,29
2014,2,Maui County,PHCRT,Labridae,,Ea (wrasse),7,113
2015,2,Maui County,PHCRT,Albulidae,,Oio,10,749
2015,2,Maui County,PHCRT,Carangidae,,Papa ulua,34,"7,049"
2015,2,Maui County,PHCRT,Carangidae,,Omilu,33,"1,630"
2015,2,Maui County,PHCRT,Carangidae,,Kamanu,35,"1,441"
2015,2,Maui County,PHCRT,Lutjanidae,,Toau,9,"1,125"
2015,2,Maui County,PHCRT,Lethrinidae,,Mu,3,71
2015,2,Maui County,PHCRT,Carangidae,,Dobe ulua,5,58
2015,2,Maui County,PHCRT,Serranidae,,Roi,5,343
2015,2,Maui County,PHCRT,Scorpaenidae,,Hogo,11,164
2015,2,Maui County,PHCRT,Pomacentridae,,Maomao,3,464
2015,2,Maui County,PHCRT,Scorpaenidae,,Nohu,5,557
2015,2,Maui County,PHCRT,Carangidae,,Ulua-misc.,30,"1,343"
2015,2,Maui County,PHCRT,Cirrhitidae,,Poopaa,3,69
2015,2,Maui County,PHCRT,Carangidae,,Lae,4,4
2015,2,Maui County,PHCRT,Emmelichthyidae,,Golden kali,4,27
2015,2,Maui County,PHCRT,Priacanthidae,,Aweoweo (deepsea),4,72
2015,2,Maui County,PHCRT,Labridae,,Ea (wrasse),5,23
2016,2,Maui County,PHCRT,Albulidae,,Oio,5,728
2016,2,Maui County,PHCRT,Carangidae,,Papa ulua,29,"7,379"
2016,2,Maui County,PHCRT,Carangidae,,Omilu,29,"1,463"
2016,2,Maui County,PHCRT,Carangidae,,Kamanu,31,"1,781"
2016,2,Maui County,PHCRT,Lutjanidae,,Toau,16,425
2016,2,Maui County,PHCRT,Lethrinidae,,Mu,5,97
2016,2,Maui County,PHCRT,Carangidae,,Dobe ulua,3,118
2016,2,Maui County,PHCRT,Serranidae,,Roi,4,"1,380"
2016,2,Maui County,PHCRT,Scorpaenidae,,Hogo,12,247
2016,2,Maui County,PHCRT,Scorpaenidae,,Nohu,4,466
2016,2,Maui County,PHCRT,Carangidae,,Ulua-misc.,5,114
2016,2,Maui County,PHCRT,Cirrhitidae,,Poopaa,3,123
2016,2,Maui County,PHCRT,Emmelichthyidae,,Golden kali,5,24
2016,2,Maui County,PHCRT,Priacanthidae,,Aweoweo (deepsea),5,42
2016,2,Maui County,PHCRT,Labridae,,Ea (wrasse),4,26
2012,2,Penguin Bank,PHCRT,Carangidae,,Papa ulua,10,225
2012,2,Penguin Bank,PHCRT,Carangidae,,Omilu,8,664
2012,2,Penguin Bank,PHCRT,Carangidae,,Kamanu,5,82
2012,2,Penguin Bank,PHCRT,Scorpaenidae,,Hogo,36,647
2012,2,Penguin Bank,PHCRT,Carangidae,,Sasa ulua,3,224
2012,2,Penguin Bank,PHCRT,Emmelichthyidae,,Golden kali,17,67
2012,2,Penguin Bank,PHCRT,Priacanthidae,,Aweoweo (deepsea),8,25
2013,2,Penguin Bank,PHCRT,Carangidae,,Papa ulua,19,400
2013,2,Penguin Bank,PHCRT,Carangidae,,Omilu,9,513
2013,2,Penguin Bank,PHCRT,Carangidae,,Kamanu,5,143
2013,2,Penguin Bank,PHCRT,Carangidae,,Dobe ulua,3,176
2013,2,Penguin Bank,PHCRT,Scorpaenidae,,Hogo,36,620
2013,2,Penguin Bank,PHCRT,Emmelichthyidae,,Golden kali,16,107
2013,2,Penguin Bank,PHCRT,Priacanthidae,,Aweoweo (deepsea),9,45
2014,2,Penguin Bank,PHCRT,Carangidae,,Papa ulua,17,625
2014,2,Penguin Bank,PHCRT,Carangidae,,Omilu,10,312
2014,2,Penguin Bank,PHCRT,Carangidae,,Kamanu,8,56
2014,2,Penguin Bank,PHCRT,Carangidae,,Dobe ulua,4,24
2014,2,Penguin Bank,PHCRT,Scorpaenidae,,Hogo,26,507
2014,2,Penguin Bank,PHCRT,Carangidae,,Ulua-misc.,8,417
2014,2,Penguin Bank,PHCRT,Emmelichthyidae,,Golden kali,12,63
2014,2,Penguin Bank,PHCRT,Priacanthidae,,Aweoweo (deepsea),11,103
2015,2,Penguin Bank,PHCRT,Carangidae,,Papa ulua,13,591
2015,2,Penguin Bank,PHCRT,Carangidae,,Omilu,9,255
2015,2,Penguin Bank,PHCRT,Carangidae,,Kamanu,13,221
2015,2,Penguin Bank,PHCRT,Carangidae,,Dobe ulua,5,400
2015,2,Penguin Bank,PHCRT,Scorpaenidae,,Hogo,22,381
2015,2,Penguin Bank,PHCRT,Carangidae,,Ulua-misc.,8,286
2015,2,Penguin Bank,PHCRT,Emmelichthyidae,,Golden kali,10,88
2015,2,Penguin Bank,PHCRT,Priacanthidae,,Aweoweo (deepsea),6,48
2016,2,Penguin Bank,PHCRT,Carangidae,,Papa ulua,15,915
2016,2,Penguin Bank,PHCRT,Carangidae,,Omilu,16,495
2016,2,Penguin Bank,PHCRT,Carangidae,,Kamanu,14,273
2016,2,Penguin Bank,PHCRT,Carangidae,,Dobe ulua,3,6
2016,2,Penguin Bank,PHCRT,Scorpaenidae,,Hogo,20,311
2016,2,Penguin Bank,PHCRT,Carangidae,,Sasa ulua,5,380
2016,2,Penguin Bank,PHCRT,Emmelichthyidae,,Golden kali,8,52
2016,2,Penguin Bank,PHCRT,Priacanthidae,,Aweoweo (deepsea),6,53
2012,2,Maui County,PMUS,Scombridae,,Yellowfin tuna,167,"209,498"
2012,2,Maui County,PMUS,Scombridae,,Bigeye tuna,95,"115,316"
2012,2,Maui County,PMUS,Coryphaenidae,,Mahimahi,243,"269,318"
2012,2,Maui County,PMUS,Scombridae,,Ono,185,"51,366"
2012,2,Maui County,PMUS,Scombridae,,Aku,141,"41,637"
2012,2,Maui County,PMUS,Istiophoridae,,Blue marlin,35,"24,581"
2012,2,Maui County,PMUS,Scombridae,,Tombo,3,213
2012,2,Maui County,PMUS,Bramidae,,Monchong,7,348
2012,2,Maui County,PMUS,Istiophoridae,,S.N. spearfish,29,"2,687"
2012,2,Maui County,PMUS,Istiophoridae,,Striped marlin,21,"2,862"
2012,2,Maui County,PMUS,Scombridae,,Kawakawa,32,843
2012,2,Maui County,PMUS,Istiophoridae,,Sailfish,3,100
2012,2,Maui County,PMUS,Exocoetidae,,Walu,3,99
2012,2,Maui County,PMUS,Scombridae,,Tuna-misc.,12,274
2012,2,Maui County,PMUS,Scombridae,,Keokeo,3,7
2013,2,Maui County,PMUS,Scombridae,,Yellowfin tuna,126,"106,959"
2013,2,Maui County,PMUS,Scombridae,,Bigeye tuna,84,"98,342"
2013,2,Maui County,PMUS,Coryphaenidae,,Mahimahi,224,"167,682"
2013,2,Maui County,PMUS,Scombridae,,Ono,173,"43,145"
2013,2,Maui County,PMUS,Scombridae,,Aku,135,"50,649"
2013,2,Maui County,PMUS,Istiophoridae,,Blue marlin,37,"23,198"
2013,2,Maui County,PMUS,Bramidae,,Monchong,9,847
2013,2,Maui County,PMUS,Istiophoridae,,S.N. spearfish,21,"1,854"
2013,2,Maui County,PMUS,Istiophoridae,,Striped marlin,14,"1,116"
2013,2,Maui County,PMUS,Scombridae,,Kawakawa,21,589
2013,2,Maui County,PMUS,Istiophoridae,,Sailfish,4,225
2013,2,Maui County,PMUS,Exocoetidae,,Walu,3,443
2013,2,Maui County,PMUS,Scombridae,,Tuna-misc.,10,215
2014,2,Maui County,PMUS,Scombridae,,Yellowfin tuna,141,"139,654"
2014,2,Maui County,PMUS,Scombridae,,Bigeye tuna,78,"89,580"
2014,2,Maui County,PMUS,Coryphaenidae,,Mahimahi,238,"296,034"
2014,2,Maui County,PMUS,Scombridae,,Ono,175,"56,185"
2014,2,Maui County,PMUS,Scombridae,,Aku,141,"30,675"
2014,2,Maui County,PMUS,Istiophoridae,,Blue marlin,37,"20,979"
2014,2,Maui County,PMUS,Scombridae,,Tombo,3,408
2014,2,Maui County,PMUS,Bramidae,,Monchong,6,789
2014,2,Maui County,PMUS,Istiophoridae,,S.N. spearfish,18,"1,680"
2014,2,Maui County,PMUS,Istiophoridae,,Striped marlin,26,"3,567"
2014,2,Maui County,PMUS,Scombridae,,Kawakawa,56,"3,195"
2014,2,Maui County,PMUS,Scombridae,,Tuna-misc.,8,100
2015,2,Maui County,PMUS,Scombridae,,Yellowfin tuna,117,"133,641"
2015,2,Maui County,PMUS,Scombridae,,Bigeye tuna,56,"67,217"
2015,2,Maui County,PMUS,Coryphaenidae,,Mahimahi,209,"261,324"
2015,2,Maui County,PMUS,Scombridae,,Ono,164,"48,066"
2015,2,Maui County,PMUS,Scombridae,,Aku,117,"26,257"
2015,2,Maui County,PMUS,Istiophoridae,,Blue marlin,57,"36,568"
2015,2,Maui County,PMUS,Bramidae,,Monchong,7,"1,014"
2015,2,Maui County,PMUS,Istiophoridae,,S.N. spearfish,26,"1,482"
2015,2,Maui County,PMUS,Istiophoridae,,Striped marlin,11,"1,283"
2015,2,Maui County,PMUS,Scombridae,,Kawakawa,69,"4,540"
2015,2,Maui County,PMUS,Exocoetidae,,Walu,4,141
2015,2,Maui County,PMUS,Scombridae,,Tuna-misc.,5,106
2016,2,Maui County,PMUS,Scombridae,,Yellowfin tuna,112,"134,253"
2016,2,Maui County,PMUS,Scombridae,,Bigeye tuna,48,"23,164"
2016,2,Maui County,PMUS,Coryphaenidae,,Mahimahi,159,"180,910"
2016,2,Maui County,PMUS,Scombridae,,Ono,133,"34,824"
2016,2,Maui County,PMUS,Scombridae,,Aku,92,"24,394"
2016,2,Maui County,PMUS,Istiophoridae,,Blue marlin,48,"23,483"
2016,2,Maui County,PMUS,Bramidae,,Monchong,10,"1,214"
2016,2,Maui County,PMUS,Istiophoridae,,S.N. spearfish,26,"3,601"
2016,2,Maui County,PMUS,Istiophoridae,,Striped marlin,18,"2,593"
2016,2,Maui County,PMUS,Scombridae,,Kawakawa,45,"2,485"
2016,2,Maui County,PMUS,Istiophoridae,,Sailfish,4,148
2016,2,Maui County,PMUS,Scombridae,,Tuna-misc.,7,200
2012,2,Penguin Bank,PMUS,Scombridae,,Yellowfin tuna,47,"5,717"
2012,2,Penguin Bank,PMUS,Scombridae,,Bigeye tuna,8,711
2012,2,Penguin Bank,PMUS,Coryphaenidae,,Mahimahi,126,"28,115"
2012,2,Penguin Bank,PMUS,Scombridae,,Ono,77,"8,894"
2012,2,Penguin Bank,PMUS,Scombridae,,Aku,54,"4,782"
2012,2,Penguin Bank,PMUS,Istiophoridae,,Blue marlin,10,"4,545"
2012,2,Penguin Bank,PMUS,Bramidae,,Monchong,14,684
2012,2,Penguin Bank,PMUS,Istiophoridae,,S.N. spearfish,3,84
2012,2,Penguin Bank,PMUS,Istiophoridae,,Striped marlin,10,686
2012,2,Penguin Bank,PMUS,Scombridae,,Kawakawa,45,"1,726"
2012,2,Penguin Bank,PMUS,Scombridae,,Tuna-misc.,10,303
2013,2,Penguin Bank,PMUS,Scombridae,,Yellowfin tuna,49,"5,198"
2013,2,Penguin Bank,PMUS,Scombridae,,Bigeye tuna,5,"1,865"
2013,2,Penguin Bank,PMUS,Coryphaenidae,,Mahimahi,127,"23,014"
2013,2,Penguin Bank,PMUS,Scombridae,,Ono,73,"8,677"
2013,2,Penguin Bank,PMUS,Scombridae,,Aku,50,"2,859"
2013,2,Penguin Bank,PMUS,Istiophoridae,,Blue marlin,14,"2,782"
2013,2,Penguin Bank,PMUS,Bramidae,,Monchong,9,289
2013,2,Penguin Bank,PMUS,Istiophoridae,,S.N. spearfish,8,333
2013,2,Penguin Bank,PMUS,Scombridae,,Kawakawa,49,"2,066"
2013,2,Penguin Bank,PMUS,Scombridae,,Tuna-misc.,10,157
2014,2,Penguin Bank,PMUS,Scombridae,,Yellowfin tuna,39,"4,130"
2014,2,Penguin Bank,PMUS,Scombridae,,Bigeye tuna,3,347
2014,2,Penguin Bank,PMUS,Coryphaenidae,,Mahimahi,126,"22,952"
2014,2,Penguin Bank,PMUS,Scombridae,,Ono,87,"12,972"
2014,2,Penguin Bank,PMUS,Scombridae,,Aku,43,"3,029"
2014,2,Penguin Bank,PMUS,Istiophoridae,,Blue marlin,7,"2,466"
2014,2,Penguin Bank,PMUS,Bramidae,,Monchong,10,590
2014,2,Penguin Bank,PMUS,Istiophoridae,,S.N. spearfish,8,216
2014,2,Penguin Bank,PMUS,Istiophoridae,,Striped marlin,7,371
2014,2,Penguin Bank,PMUS,Scombridae,,Kawakawa,60,"4,696"
2014,2,Penguin Bank,PMUS,Scombridae,,Tuna-misc.,15,438
2015,2,Penguin Bank,PMUS,Scombridae,,Yellowfin tuna,30,"3,850"
2015,2,Penguin Bank,PMUS,Scombridae,,Bigeye tuna,4,616
2015,2,Penguin Bank,PMUS,Coryphaenidae,,Mahimahi,91,"18,414"
2015,2,Penguin Bank,PMUS,Scombridae,,Ono,80,"8,197"
2015,2,Penguin Bank,PMUS,Scombridae,,Aku,23,"3,458"
2015,2,Penguin Bank,PMUS,Istiophoridae,,Blue marlin,14,"3,284"
2015,2,Penguin Bank,PMUS,Bramidae,,Monchong,5,263
2015,2,Penguin Bank,PMUS,Istiophoridae,,S.N. spearfish,7,257
2015,2,Penguin Bank,PMUS,Istiophoridae,,Striped marlin,4,356
2015,2,Penguin Bank,PMUS,Scombridae,,Kawakawa,58,"8,698"
2015,2,Penguin Bank,PMUS,Scombridae,,Tuna-misc.,7,177
2016,2,Penguin Bank,PMUS,Scombridae,,Yellowfin tuna,23,"2,670"
2016,2,Penguin Bank,PMUS,Scombridae,,Bigeye tuna,6,418
2016,2,Penguin Bank,PMUS,Coryphaenidae,,Mahimahi,85,"13,052"
2016,2,Penguin Bank,PMUS,Scombridae,,Ono,62,"7,374"
2016,2,Penguin Bank,PMUS,Scombridae,,Aku,26,"2,002"
2016,2,Penguin Bank,PMUS,Istiophoridae,,Blue marlin,6,"1,108"
2016,2,Penguin Bank,PMUS,Bramidae,,Monchong,10,"1,175"
2016,2,Penguin Bank,PMUS,Istiophoridae,,S.N. spearfish,6,212
2016,2,Penguin Bank,PMUS,Istiophoridae,,Striped marlin,4,354
2016,2,Penguin Bank,PMUS,Scombridae,,Kawakawa,53,"3,399"
2016,2,Penguin Bank,PMUS,Scombridae,,Tuna-misc.,13,327
2012,3,Oahu,BMUS,Lutjanidae,,Opakapaka,50,"5,630"
2012,3,Oahu,BMUS,Lutjanidae,,Uku,75,"7,908"
2012,3,Oahu,BMUS,Lutjanidae,,Onaga,46,"3,148"
2012,3,Oahu,BMUS,Lutjanidae,,Taape,85,"11,731"
2012,3,Oahu,BMUS,Lutjanidae,,Ehu,50,"1,688"
2012,3,Oahu,BMUS,Carangidae,,Kahala,36,"3,901"
2012,3,Oahu,BMUS,Lutjanidae,,Kalekale,24,305
2012,3,Oahu,BMUS,Carangidae,,White ulua,76,"7,980"
2012,3,Oahu,BMUS,Lutjanidae,,Lehi,4,78
2012,3,Oahu,BMUS,Serranidae,,Hapuupuu,19,500
2012,3,Oahu,BMUS,Lutjanidae,,Gindai,24,153
2012,3,Oahu,BMUS,Carangidae,,Gunkan ulua,6,194
2013,3,Oahu,BMUS,Lutjanidae,,Opakapaka,50,"9,003"
2013,3,Oahu,BMUS,Lutjanidae,,Uku,76,"6,848"
2013,3,Oahu,BMUS,Lutjanidae,,Onaga,40,"3,429"
2013,3,Oahu,BMUS,Lutjanidae,,Taape,75,"16,488"
2013,3,Oahu,BMUS,Lutjanidae,,Ehu,46,"1,239"
2013,3,Oahu,BMUS,Carangidae,,Kahala,36,"2,798"
2013,3,Oahu,BMUS,Lutjanidae,,Kalekale,28,406
2013,3,Oahu,BMUS,Carangidae,,White ulua,66,"5,749"
2013,3,Oahu,BMUS,Lutjanidae,,Lehi,8,116
2013,3,Oahu,BMUS,Serranidae,,Hapuupuu,24,398
2013,3,Oahu,BMUS,Lutjanidae,,Gindai,19,103
2014,3,Oahu,BMUS,Lutjanidae,,Opakapaka,47,"17,850"
2014,3,Oahu,BMUS,Lutjanidae,,Uku,88,"7,204"
2014,3,Oahu,BMUS,Lutjanidae,,Onaga,42,"4,758"
2014,3,Oahu,BMUS,Lutjanidae,,Taape,90,"16,895"
2014,3,Oahu,BMUS,Lutjanidae,,Ehu,40,"1,520"
2014,3,Oahu,BMUS,Carangidae,,Kahala,36,"4,912"
2014,3,Oahu,BMUS,Lutjanidae,,Kalekale,26,848
2014,3,Oahu,BMUS,Carangidae,,White ulua,53,"3,725"
2014,3,Oahu,BMUS,Lutjanidae,,Lehi,7,265
2014,3,Oahu,BMUS,Serranidae,,Hapuupuu,21,450
2014,3,Oahu,BMUS,Lutjanidae,,Gindai,18,73
2014,3,Oahu,BMUS,Carangidae,,Butaguchi ulua,4,148
2015,3,Oahu,BMUS,Lutjanidae,,Opakapaka,44,"11,109"
2015,3,Oahu,BMUS,Lutjanidae,,Uku,98,"8,370"
2015,3,Oahu,BMUS,Lutjanidae,,Onaga,36,"3,424"
2015,3,Oahu,BMUS,Lutjanidae,,Taape,77,"19,387"
2015,3,Oahu,BMUS,Lutjanidae,,Ehu,44,"2,204"
2015,3,Oahu,BMUS,Carangidae,,Kahala,42,"4,182"
2015,3,Oahu,BMUS,Lutjanidae,,Kalekale,29,890
2015,3,Oahu,BMUS,Carangidae,,White ulua,57,"4,304"
2015,3,Oahu,BMUS,Lutjanidae,,Lehi,3,40
2015,3,Oahu,BMUS,Serranidae,,Hapuupuu,22,803
2015,3,Oahu,BMUS,Lutjanidae,,Gindai,16,158
2015,3,Oahu,BMUS,Carangidae,,Butaguchi ulua,5,48
2016,3,Oahu,BMUS,Lutjanidae,,Opakapaka,46,"9,178"
2016,3,Oahu,BMUS,Lutjanidae,,Uku,59,"7,355"
2016,3,Oahu,BMUS,Lutjanidae,,Onaga,36,"3,843"
2016,3,Oahu,BMUS,Lutjanidae,,Taape,65,"26,832"
2016,3,Oahu,BMUS,Lutjanidae,,Ehu,44,"1,974"
2016,3,Oahu,BMUS,Carangidae,,Kahala,38,"2,440"
2016,3,Oahu,BMUS,Lutjanidae,,Kalekale,25,614
2016,3,Oahu,BMUS,Carangidae,,White ulua,48,"1,918"
2016,3,Oahu,BMUS,Lutjanidae,,Lehi,8,70
2016,3,Oahu,BMUS,Serranidae,,Hapuupuu,21,625
2016,3,Oahu,BMUS,Lutjanidae,,Gindai,22,177
2012,3,Oahu,CHCRT,Carangidae,,Akule,87,"180,677"
2012,3,Oahu,CHCRT,Carangidae,,Opelu,82,"65,136"
2012,3,Oahu,CHCRT,Scaridae,,Uhu parrot-misc.,56,"53,864"
2012,3,Oahu,CHCRT,Holocentridae,,Menpachi,85,"13,763"
2012,3,Oahu,CHCRT,Mullidae,,Weke ula,47,"17,576"
2012,3,Oahu,CHCRT,Acanthuridae,,Palani,46,"30,206"
2012,3,Oahu,CHCRT,Acanthuridae,,Kala,40,"35,166"
2012,3,Oahu,CHCRT,Kyphosidae,,Nenue,36,"22,331"
2012,3,Oahu,CHCRT,Carangidae,,Hahalalu,32,"9,652"
2012,3,Oahu,CHCRT,Acanthuridae,,Manini,40,"8,512"
2012,3,Oahu,CHCRT,Acanthuridae,,Pualu,22,"11,329"
2012,3,Oahu,CHCRT,Acanthuridae,,Naenae,32,"8,302"
2012,3,Oahu,CHCRT,Mullidae,,Weke nono,37,"2,971"
2012,3,Oahu,CHCRT,Priacanthidae,,Aweoweo,37,843
2012,3,Oahu,CHCRT,Mugilidae,,Amaama,11,"7,048"
2012,3,Oahu,CHCRT,Mullidae,,Weke a'a,29,"4,924"
2012,3,Oahu,CHCRT,Mullidae,,Kumu,52,"5,512"
2012,3,Oahu,CHCRT,Acanthuridae,,Opelu kala,22,"2,974"
2012,3,Oahu,CHCRT,Mullidae,,Moana,62,"1,198"
2012,3,Oahu,CHCRT,Acanthuridae,,Maiko,19,"2,047"
2012,3,Oahu,CHCRT,Labridae,,Aawa,41,"1,701"
2012,3,Oahu,CHCRT,Acanthuridae,,Umaumalei,18,675
2012,3,Oahu,CHCRT,Labridae,,Laenihi,22,578
2012,3,Oahu,CHCRT,Sphyraenidae,,Kawelea,31,"1,548"
2012,3,Oahu,CHCRT,Acanthuridae,,Kole,8,65
2012,3,Oahu,CHCRT,Kuhliidae,,Aholehole,19,728
2012,3,Oahu,CHCRT,Carcharhinidae,,Shark-misc.,12,"2,552"
2012,3,Oahu,CHCRT,Sphyraenidae,,Kaku,45,"1,037"
2012,3,Oahu,CHCRT,Mullidae,,Moana kale,43,507
2012,3,Oahu,CHCRT,Muraenidae,,Puhi black,7,"1,134"
2012,3,Oahu,CHCRT,Balistidae,,Humuhumu,11,725
2012,3,Oahu,CHCRT,Muraenidae,,Puhi eel-misc.,6,160
2012,3,Oahu,CHCRT,Mullidae,,Munu,23,488
2012,3,Oahu,CHCRT,Polynemidae,,Moi,10,156
2012,3,Oahu,CHCRT,Holocentridae,,Alaihe,21,390
2012,3,Oahu,CHCRT,Scaridae,,Panunu,8,302
2012,3,Oahu,CHCRT,Carangidae,,Kagami ulua,6,89
2012,3,Oahu,CHCRT,Mullidae,,Malu,23,279
2012,3,Oahu,CHCRT,Scaridae,,Panuhunuhu,10,101
2012,3,Oahu,CHCRT,Mullidae,,Weke,4,662
2012,3,Oahu,CHCRT,Acanthuridae,,Api,4,64
2012,3,Oahu,CHCRT,Labridae,,Kupoupou,5,17
2013,3,Oahu,CHCRT,Carangidae,,Akule,88,"154,330"
2013,3,Oahu,CHCRT,Carangidae,,Opelu,84,"76,620"
2013,3,Oahu,CHCRT,Scaridae,,Uhu parrot-misc.,58,"55,115"
2013,3,Oahu,CHCRT,Holocentridae,,Menpachi,84,"16,521"
2013,3,Oahu,CHCRT,Mullidae,,Weke ula,46,"22,415"
2013,3,Oahu,CHCRT,Acanthuridae,,Palani,46,"28,256"
2013,3,Oahu,CHCRT,Acanthuridae,,Kala,39,"24,982"
2013,3,Oahu,CHCRT,Kyphosidae,,Nenue,39,"21,214"
2013,3,Oahu,CHCRT,Carangidae,,Hahalalu,30,"20,957"
2013,3,Oahu,CHCRT,Acanthuridae,,Manini,43,"9,192"
2013,3,Oahu,CHCRT,Acanthuridae,,Pualu,19,"6,907"
2013,3,Oahu,CHCRT,Acanthuridae,,Naenae,36,"7,887"
2013,3,Oahu,CHCRT,Mullidae,,Weke nono,37,"2,981"
2013,3,Oahu,CHCRT,Priacanthidae,,Aweoweo,48,"1,764"
2013,3,Oahu,CHCRT,Mugilidae,,Amaama,10,"5,708"
2013,3,Oahu,CHCRT,Mullidae,,Weke a'a,37,"3,337"
2013,3,Oahu,CHCRT,Mullidae,,Kumu,62,"5,069"
2013,3,Oahu,CHCRT,Acanthuridae,,Opelu kala,17,"4,668"
2013,3,Oahu,CHCRT,Mullidae,,Moana,67,"1,644"
2013,3,Oahu,CHCRT,Acanthuridae,,Maiko,23,"3,437"
2013,3,Oahu,CHCRT,Labridae,,Aawa,45,"1,465"
2013,3,Oahu,CHCRT,Acanthuridae,,Umaumalei,19,"1,968"
2013,3,Oahu,CHCRT,Labridae,,Laenihi,16,256
2013,3,Oahu,CHCRT,Sphyraenidae,,Kawelea,29,"1,126"
2013,3,Oahu,CHCRT,Acanthuridae,,Kole,12,346
2013,3,Oahu,CHCRT,Kuhliidae,,Aholehole,19,"1,245"
2013,3,Oahu,CHCRT,Carcharhinidae,,Shark-misc.,8,"1,369"
2013,3,Oahu,CHCRT,Sphyraenidae,,Kaku,45,520
2013,3,Oahu,CHCRT,Mullidae,,Moana kale,49,599
2013,3,Oahu,CHCRT,Muraenidae,,Puhi black,4,"1,023"
2013,3,Oahu,CHCRT,Balistidae,,Humuhumu,15,618
2013,3,Oahu,CHCRT,Muraenidae,,Puhi eel-misc.,4,291
2013,3,Oahu,CHCRT,Mullidae,,Munu,26,485
2013,3,Oahu,CHCRT,Polynemidae,,Moi,8,44
2013,3,Oahu,CHCRT,Holocentridae,,Alaihe,25,368
2013,3,Oahu,CHCRT,Mugilidae,,Uouoa,3,111
2013,3,Oahu,CHCRT,Scaridae,,Panunu,10,181
2013,3,Oahu,CHCRT,Carangidae,,Kagami ulua,4,18
2013,3,Oahu,CHCRT,Acanthuridae,,Pakuikui (tang),3,21
2013,3,Oahu,CHCRT,Mullidae,,Malu,26,261
2013,3,Oahu,CHCRT,Scaridae,,Panuhunuhu,14,153
2013,3,Oahu,CHCRT,Mullidae,,Weke pueo,5,203
2013,3,Oahu,CHCRT,Acanthuridae,,Api,4,84
2013,3,Oahu,CHCRT,Labridae,,Kupoupou,6,12
2014,3,Oahu,CHCRT,Carangidae,,Akule,83,"171,809"
2014,3,Oahu,CHCRT,Carangidae,,Opelu,73,"60,422"
2014,3,Oahu,CHCRT,Scaridae,,Uhu parrot-misc.,49,"56,044"
2014,3,Oahu,CHCRT,Holocentridae,,Menpachi,88,"12,475"
2014,3,Oahu,CHCRT,Mullidae,,Weke ula,43,"40,946"
2014,3,Oahu,CHCRT,Acanthuridae,,Palani,46,"27,298"
2014,3,Oahu,CHCRT,Acanthuridae,,Kala,37,"24,676"
2014,3,Oahu,CHCRT,Kyphosidae,,Nenue,30,"9,262"
2014,3,Oahu,CHCRT,Carangidae,,Hahalalu,28,"37,057"
2014,3,Oahu,CHCRT,Acanthuridae,,Manini,34,"7,632"
2014,3,Oahu,CHCRT,Acanthuridae,,Pualu,22,"4,718"
2014,3,Oahu,CHCRT,Acanthuridae,,Naenae,25,"7,965"
2014,3,Oahu,CHCRT,Mullidae,,Weke nono,34,"3,546"
2014,3,Oahu,CHCRT,Priacanthidae,,Aweoweo,50,"1,700"
2014,3,Oahu,CHCRT,Mugilidae,,Amaama,13,"3,754"
2014,3,Oahu,CHCRT,Mullidae,,Weke a'a,29,"3,948"
2014,3,Oahu,CHCRT,Mullidae,,Kumu,56,"3,351"
2014,3,Oahu,CHCRT,Acanthuridae,,Opelu kala,16,"1,723"
2014,3,Oahu,CHCRT,Mullidae,,Moana,58,"1,243"
2014,3,Oahu,CHCRT,Acanthuridae,,Maiko,13,"1,229"
2014,3,Oahu,CHCRT,Labridae,,Aawa,49,"1,594"
2014,3,Oahu,CHCRT,Acanthuridae,,Umaumalei,13,919
2014,3,Oahu,CHCRT,Labridae,,Laenihi,21,581
2014,3,Oahu,CHCRT,Sphyraenidae,,Kawelea,29,549
2014,3,Oahu,CHCRT,Acanthuridae,,Kole,7,660
2014,3,Oahu,CHCRT,Kuhliidae,,Aholehole,19,554
2014,3,Oahu,CHCRT,Carcharhinidae,,Shark-misc.,7,"1,348"
2014,3,Oahu,CHCRT,Sphyraenidae,,Kaku,30,569
2014,3,Oahu,CHCRT,Mullidae,,Moana kale,52,"1,433"
2014,3,Oahu,CHCRT,Muraenidae,,Puhi black,3,520
2014,3,Oahu,CHCRT,Balistidae,,Humuhumu,8,460
2014,3,Oahu,CHCRT,Muraenidae,,Puhi eel-misc.,5,565
2014,3,Oahu,CHCRT,Mullidae,,Munu,26,459
2014,3,Oahu,CHCRT,Polynemidae,,Moi,7,75
2014,3,Oahu,CHCRT,Holocentridae,,Alaihe,17,246
2014,3,Oahu,CHCRT,Scaridae,,Panunu,9,460
2014,3,Oahu,CHCRT,Carangidae,,Kagami ulua,8,74
2014,3,Oahu,CHCRT,Mullidae,,Malu,22,208
2014,3,Oahu,CHCRT,Scaridae,,Panuhunuhu,12,171
2014,3,Oahu,CHCRT,Labridae,,Kupoupou,5,10
2015,3,Oahu,CHCRT,Carangidae,,Akule,86,"290,588"
2015,3,Oahu,CHCRT,Carangidae,,Opelu,50,"61,774"
2015,3,Oahu,CHCRT,Scaridae,,Uhu parrot-misc.,42,"26,341"
2015,3,Oahu,CHCRT,Holocentridae,,Menpachi,72,"12,904"
2015,3,Oahu,CHCRT,Mullidae,,Weke ula,39,"42,632"
2015,3,Oahu,CHCRT,Acanthuridae,,Palani,44,"17,107"
2015,3,Oahu,CHCRT,Acanthuridae,,Kala,23,"16,625"
2015,3,Oahu,CHCRT,Kyphosidae,,Nenue,17,"10,977"
2015,3,Oahu,CHCRT,Carangidae,,Hahalalu,16,"6,474"
2015,3,Oahu,CHCRT,Acanthuridae,,Manini,35,"6,173"
2015,3,Oahu,CHCRT,Acanthuridae,,Pualu,17,"3,787"
2015,3,Oahu,CHCRT,Acanthuridae,,Naenae,22,"4,213"
2015,3,Oahu,CHCRT,Mullidae,,Weke nono,36,"2,545"
2015,3,Oahu,CHCRT,Priacanthidae,,Aweoweo,47,"2,274"
2015,3,Oahu,CHCRT,Mugilidae,,Amaama,9,"3,947"
2015,3,Oahu,CHCRT,Mullidae,,Weke a'a,20,"3,264"
2015,3,Oahu,CHCRT,Mullidae,,Kumu,46,"1,955"
2015,3,Oahu,CHCRT,Acanthuridae,,Opelu kala,9,"2,676"
2015,3,Oahu,CHCRT,Mullidae,,Moana,54,609
2015,3,Oahu,CHCRT,Acanthuridae,,Maiko,10,350
2015,3,Oahu,CHCRT,Labridae,,Aawa,39,"1,160"
2015,3,Oahu,CHCRT,Acanthuridae,,Umaumalei,6,366
2015,3,Oahu,CHCRT,Labridae,,Laenihi,20,226
2015,3,Oahu,CHCRT,Sphyraenidae,,Kawelea,24,"1,251"
2015,3,Oahu,CHCRT,Acanthuridae,,Kole,10,291
2015,3,Oahu,CHCRT,Kuhliidae,,Aholehole,17,"3,748"
2015,3,Oahu,CHCRT,Carcharhinidae,,Shark-misc.,3,"2,069"
2015,3,Oahu,CHCRT,Sphyraenidae,,Kaku,35,438
2015,3,Oahu,CHCRT,Mullidae,,Moana kale,46,529
2015,3,Oahu,CHCRT,Muraenidae,,Puhi black,5,267
2015,3,Oahu,CHCRT,Balistidae,,Humuhumu,4,416
2015,3,Oahu,CHCRT,Muraenidae,,Puhi eel-misc.,4,235
2015,3,Oahu,CHCRT,Mullidae,,Munu,25,208
2015,3,Oahu,CHCRT,Polynemidae,,Moi,6,89
2015,3,Oahu,CHCRT,Holocentridae,,Alaihe,5,74
2015,3,Oahu,CHCRT,Scaridae,,Panunu,8,494
2015,3,Oahu,CHCRT,Carangidae,,Kagami ulua,7,98
2015,3,Oahu,CHCRT,Mullidae,,Malu,17,90
2015,3,Oahu,CHCRT,Scaridae,,Panuhunuhu,13,146
2015,3,Oahu,CHCRT,Labridae,,Kupoupou,3,6
2016,3,Oahu,CHCRT,Carangidae,,Akule,70,"206,894"
2016,3,Oahu,CHCRT,Carangidae,,Opelu,29,"32,071"
2016,3,Oahu,CHCRT,Scaridae,,Uhu parrot-misc.,32,"17,966"
2016,3,Oahu,CHCRT,Holocentridae,,Menpachi,59,"13,679"
2016,3,Oahu,CHCRT,Mullidae,,Weke ula,33,"29,670"
2016,3,Oahu,CHCRT,Acanthuridae,,Palani,31,"19,665"
2016,3,Oahu,CHCRT,Acanthuridae,,Kala,24,"12,640"
2016,3,Oahu,CHCRT,Kyphosidae,,Nenue,21,"5,584"
2016,3,Oahu,CHCRT,Carangidae,,Hahalalu,17,"13,524"
2016,3,Oahu,CHCRT,Acanthuridae,,Manini,25,"5,061"
2016,3,Oahu,CHCRT,Acanthuridae,,Pualu,11,"3,221"
2016,3,Oahu,CHCRT,Acanthuridae,,Naenae,17,"3,094"
2016,3,Oahu,CHCRT,Mullidae,,Weke nono,24,"1,615"
2016,3,Oahu,CHCRT,Priacanthidae,,Aweoweo,35,"1,556"
2016,3,Oahu,CHCRT,Mugilidae,,Amaama,5,"2,379"
2016,3,Oahu,CHCRT,Mullidae,,Weke a'a,20,"4,789"
2016,3,Oahu,CHCRT,Mullidae,,Kumu,31,835
2016,3,Oahu,CHCRT,Acanthuridae,,Opelu kala,3,"2,291"
2016,3,Oahu,CHCRT,Mullidae,,Moana,38,447
2016,3,Oahu,CHCRT,Acanthuridae,,Maiko,8,909
2016,3,Oahu,CHCRT,Labridae,,Aawa,30,"1,260"
2016,3,Oahu,CHCRT,Acanthuridae,,Umaumalei,6,"1,098"
2016,3,Oahu,CHCRT,Labridae,,Laenihi,17,628
2016,3,Oahu,CHCRT,Sphyraenidae,,Kawelea,16,512
2016,3,Oahu,CHCRT,Acanthuridae,,Kole,3,128
2016,3,Oahu,CHCRT,Kuhliidae,,Aholehole,15,760
2016,3,Oahu,CHCRT,Carcharhinidae,,Shark-misc.,6,"2,115"
2016,3,Oahu,CHCRT,Sphyraenidae,,Kaku,20,214
2016,3,Oahu,CHCRT,Mullidae,,Moana kale,38,569
2016,3,Oahu,CHCRT,Mugilidae,,Summer mullet,3,477
2016,3,Oahu,CHCRT,Muraenidae,,Puhi black,4,434
2016,3,Oahu,CHCRT,Balistidae,,Humuhumu,5,387
2016,3,Oahu,CHCRT,Muraenidae,,Puhi eel-misc.,5,166
2016,3,Oahu,CHCRT,Mullidae,,Munu,14,200
2016,3,Oahu,CHCRT,Polynemidae,,Moi,5,137
2016,3,Oahu,CHCRT,Holocentridae,,Alaihe,5,27
2016,3,Oahu,CHCRT,Scaridae,,Panunu,6,150
2016,3,Oahu,CHCRT,Carangidae,,Kagami ulua,6,34
2016,3,Oahu,CHCRT,Mullidae,,Malu,8,18
2016,3,Oahu,CHCRT,Scaridae,,Panuhunuhu,4,103
2012,3,Oahu,PHCRT,Albulidae,,Oio,32,"10,160"
2012,3,Oahu,PHCRT,Carangidae,,Papa ulua,26,441
2012,3,Oahu,PHCRT,Carangidae,,Omilu,57,"2,113"
2012,3,Oahu,PHCRT,Carangidae,,Kamanu,7,201
2012,3,Oahu,PHCRT,Lutjanidae,,Toau,49,"3,315"
2012,3,Oahu,PHCRT,Cichlidae,,Tilapia,3,"1,793"
2012,3,Oahu,PHCRT,Lethrinidae,,Mu,20,"3,539"
2012,3,Oahu,PHCRT,Carangidae,,Dobe ulua,8,"6,709"
2012,3,Oahu,PHCRT,Serranidae,,Roi,24,"2,930"
2012,3,Oahu,PHCRT,Scorpaenidae,,Hogo,30,510
2012,3,Oahu,PHCRT,Pomacentridae,,Maomao,22,"1,110"
2012,3,Oahu,PHCRT,Chanidae,,Awa,8,"2,165"
2012,3,Oahu,PHCRT,Monacanthidae,,Olililepa,9,"2,601"
2012,3,Oahu,PHCRT,Scorpaenidae,,Nohu,12,378
2012,3,Oahu,PHCRT,Elopidae,,Awaawa,18,"1,509"
2012,3,Oahu,PHCRT,Cirrhitidae,,Poopaa,26,430
2012,3,Oahu,PHCRT,Carangidae,,Sasa ulua,11,387
2012,3,Oahu,PHCRT,Belonidae,,Ahaaha,14,427
2012,3,Oahu,PHCRT,Carangidae,,Paopao ulua,5,864
2012,3,Oahu,PHCRT,Carangidae,,Lae,20,429
2012,3,Oahu,PHCRT,Emmelichthyidae,,Golden kali,5,16
2012,3,Oahu,PHCRT,Priacanthidae,,Aweoweo (deepsea),3,20
2012,3,Oahu,PHCRT,Congridae,,Puhi white,5,242
2012,3,Oahu,PHCRT,Aulostamidae,,Nunu,15,130
2012,3,Oahu,PHCRT,Diodontidae,,Oopuhue,5,"1,054"
2012,3,Oahu,PHCRT,Labridae,,Ea (wrasse),8,142
2012,3,Oahu,PHCRT,Hemiramphidae,,Iheihe,3,87
2012,3,Oahu,PHCRT,Labridae,,Hinalea,9,36
2012,3,Oahu,PHCRT,Bothidae,,Pakii,4,10
2012,3,Oahu,PHCRT,Carangidae,,Omaka,5,28
2013,3,Oahu,PHCRT,Albulidae,,Oio,28,"9,901"
2013,3,Oahu,PHCRT,Carangidae,,Papa ulua,24,452
2013,3,Oahu,PHCRT,Carangidae,,Omilu,41,"1,611"
2013,3,Oahu,PHCRT,Carangidae,,Kamanu,9,110
2013,3,Oahu,PHCRT,Lutjanidae,,Toau,67,"3,392"
2013,3,Oahu,PHCRT,Lethrinidae,,Mu,30,"3,699"
2013,3,Oahu,PHCRT,Carangidae,,Dobe ulua,10,"1,130"
2013,3,Oahu,PHCRT,Serranidae,,Roi,23,"2,015"
2013,3,Oahu,PHCRT,Scorpaenidae,,Hogo,21,214
2013,3,Oahu,PHCRT,Pomacentridae,,Maomao,20,"1,465"
2013,3,Oahu,PHCRT,Chanidae,,Awa,9,667
2013,3,Oahu,PHCRT,Monacanthidae,,Olililepa,13,755
2013,3,Oahu,PHCRT,Scorpaenidae,,Nohu,16,423
2013,3,Oahu,PHCRT,Elopidae,,Awaawa,16,"1,231"
2013,3,Oahu,PHCRT,Cirrhitidae,,Poopaa,33,"1,377"
2013,3,Oahu,PHCRT,Carangidae,,Sasa ulua,8,191
2013,3,Oahu,PHCRT,Belonidae,,Ahaaha,16,233
2013,3,Oahu,PHCRT,Carangidae,,Paopao ulua,6,941
2013,3,Oahu,PHCRT,Carangidae,,Lae,23,358
2013,3,Oahu,PHCRT,Emmelichthyidae,,Golden kali,9,39
2013,3,Oahu,PHCRT,Priacanthidae,,Aweoweo (deepsea),4,55
2013,3,Oahu,PHCRT,Congridae,,Puhi white,3,293
2013,3,Oahu,PHCRT,Aulostamidae,,Nunu,13,138
2013,3,Oahu,PHCRT,Labridae,,Ea (wrasse),4,18
2013,3,Oahu,PHCRT,Pomacentridae,,Kupipi,3,5
2013,3,Oahu,PHCRT,Carangidae,,Barred jack,4,32
2013,3,Oahu,PHCRT,Labridae,,Hinalea,13,46
2013,3,Oahu,PHCRT,Bothidae,,Pakii,3,14
2014,3,Oahu,PHCRT,Albulidae,,Oio,25,"5,480"
2014,3,Oahu,PHCRT,Carangidae,,Papa ulua,37,976
2014,3,Oahu,PHCRT,Carangidae,,Omilu,50,"3,573"
2014,3,Oahu,PHCRT,Carangidae,,Kamanu,14,159
2014,3,Oahu,PHCRT,Lutjanidae,,Toau,60,"4,588"
2014,3,Oahu,PHCRT,Lethrinidae,,Mu,28,"3,101"
2014,3,Oahu,PHCRT,Carangidae,,Dobe ulua,11,"3,519"
2014,3,Oahu,PHCRT,Serranidae,,Roi,16,782
2014,3,Oahu,PHCRT,Scorpaenidae,,Hogo,22,193
2014,3,Oahu,PHCRT,Pomacentridae,,Maomao,18,645
2014,3,Oahu,PHCRT,Chanidae,,Awa,12,"1,518"
2014,3,Oahu,PHCRT,Monacanthidae,,Olililepa,9,"1,340"
2014,3,Oahu,PHCRT,Scorpaenidae,,Nohu,13,185
2014,3,Oahu,PHCRT,Carangidae,,Ulua-misc.,24,682
2014,3,Oahu,PHCRT,Elopidae,,Awaawa,15,689
2014,3,Oahu,PHCRT,Cirrhitidae,,Poopaa,15,614
2014,3,Oahu,PHCRT,Carangidae,,Sasa ulua,4,70
2014,3,Oahu,PHCRT,Belonidae,,Ahaaha,26,341
2014,3,Oahu,PHCRT,Carangidae,,Paopao ulua,5,187
2014,3,Oahu,PHCRT,Carangidae,,Lae,28,235
2014,3,Oahu,PHCRT,Emmelichthyidae,,Golden kali,6,27
2014,3,Oahu,PHCRT,Priacanthidae,,Aweoweo (deepsea),3,117
2014,3,Oahu,PHCRT,Congridae,,Puhi white,3,367
2014,3,Oahu,PHCRT,Aulostamidae,,Nunu,14,211
2014,3,Oahu,PHCRT,Hemiramphidae,,Iheihe,3,142
2014,3,Oahu,PHCRT,Lutjanidae,,Wahanui,4,10
2014,3,Oahu,PHCRT,Labridae,,Hinalea,6,25
2014,3,Oahu,PHCRT,Bothidae,,Pakii,3,18
2015,3,Oahu,PHCRT,Albulidae,,Oio,25,"6,729"
2015,3,Oahu,PHCRT,Carangidae,,Papa ulua,26,493
2015,3,Oahu,PHCRT,Carangidae,,Omilu,44,"1,601"
2015,3,Oahu,PHCRT,Carangidae,,Kamanu,11,125
2015,3,Oahu,PHCRT,Lutjanidae,,Toau,51,"1,601"
2015,3,Oahu,PHCRT,Lethrinidae,,Mu,27,"1,497"
2015,3,Oahu,PHCRT,Carangidae,,Dobe ulua,7,814
2015,3,Oahu,PHCRT,Serranidae,,Roi,20,572
2015,3,Oahu,PHCRT,Scorpaenidae,,Hogo,20,347
2015,3,Oahu,PHCRT,Pomacentridae,,Maomao,16,367
2015,3,Oahu,PHCRT,Chanidae,,Awa,10,"2,068"
2015,3,Oahu,PHCRT,Monacanthidae,,Olililepa,6,594
2015,3,Oahu,PHCRT,Scorpaenidae,,Nohu,6,71
2015,3,Oahu,PHCRT,Carangidae,,Ulua-misc.,24,699
2015,3,Oahu,PHCRT,Elopidae,,Awaawa,10,374
2015,3,Oahu,PHCRT,Cirrhitidae,,Poopaa,13,68
2015,3,Oahu,PHCRT,Carangidae,,Sasa ulua,6,40
2015,3,Oahu,PHCRT,Belonidae,,Ahaaha,13,194
2015,3,Oahu,PHCRT,Carangidae,,Lae,16,118
2015,3,Oahu,PHCRT,Emmelichthyidae,,Golden kali,9,48
2015,3,Oahu,PHCRT,Priacanthidae,,Aweoweo (deepsea),6,131
2015,3,Oahu,PHCRT,Congridae,,Puhi white,4,155
2015,3,Oahu,PHCRT,Aulostamidae,,Nunu,9,121
2015,3,Oahu,PHCRT,Labridae,,Ea (wrasse),5,42
2015,3,Oahu,PHCRT,Labridae,,Hinalea,4,21
2016,3,Oahu,PHCRT,Albulidae,,Oio,16,"4,322"
2016,3,Oahu,PHCRT,Carangidae,,Papa ulua,22,427
2016,3,Oahu,PHCRT,Carangidae,,Omilu,36,"1,172"
2016,3,Oahu,PHCRT,Carangidae,,Kamanu,19,167
2016,3,Oahu,PHCRT,Lutjanidae,,Toau,44,"1,670"
2016,3,Oahu,PHCRT,Lethrinidae,,Mu,22,"1,356"
2016,3,Oahu,PHCRT,Carangidae,,Dobe ulua,3,312
2016,3,Oahu,PHCRT,Serranidae,,Roi,13,436
2016,3,Oahu,PHCRT,Scorpaenidae,,Hogo,17,361
2016,3,Oahu,PHCRT,Pomacentridae,,Maomao,14,259
2016,3,Oahu,PHCRT,Chanidae,,Awa,6,397
2016,3,Oahu,PHCRT,Monacanthidae,,Olililepa,3,217
2016,3,Oahu,PHCRT,Scorpaenidae,,Nohu,3,126
2016,3,Oahu,PHCRT,Carangidae,,Ulua-misc.,4,21
2016,3,Oahu,PHCRT,Elopidae,,Awaawa,5,336
2016,3,Oahu,PHCRT,Cirrhitidae,,Poopaa,11,578
2016,3,Oahu,PHCRT,Carangidae,,Sasa ulua,4,34
2016,3,Oahu,PHCRT,Belonidae,,Ahaaha,11,301
2016,3,Oahu,PHCRT,Carangidae,,Paopao ulua,4,108
2016,3,Oahu,PHCRT,Carangidae,,Lae,5,80
2016,3,Oahu,PHCRT,Emmelichthyidae,,Golden kali,4,18
2016,3,Oahu,PHCRT,Priacanthidae,,Aweoweo (deepsea),7,78
2016,3,Oahu,PHCRT,Aulostamidae,,Nunu,8,60
2016,3,Oahu,PHCRT,Labridae,,Ea (wrasse),3,3
2016,3,Oahu,PHCRT,Lutjanidae,,Wahanui,3,4
2016,3,Oahu,PHCRT,Carangidae,,Barred jack,3,67
2016,3,Oahu,PHCRT,Labridae,,Hinalea,3,1
2012,3,Oahu,PMUS,Scombridae,,Yellowfin tuna,405,"402,342"
2012,3,Oahu,PMUS,Scombridae,,Bigeye tuna,109,"38,200"
2012,3,Oahu,PMUS,Coryphaenidae,,Mahimahi,479,"331,620"
2012,3,Oahu,PMUS,Scombridae,,Ono,344,"40,215"
2012,3,Oahu,PMUS,Scombridae,,Aku,349,"182,213"
2012,3,Oahu,PMUS,Istiophoridae,,Blue marlin,142,"78,412"
2012,3,Oahu,PMUS,Scombridae,,Tombo,3,255
2012,3,Oahu,PMUS,Bramidae,,Monchong,3,207
2012,3,Oahu,PMUS,Istiophoridae,,S.N. spearfish,104,"7,043"
2012,3,Oahu,PMUS,Istiophoridae,,Striped marlin,70,"10,972"
2012,3,Oahu,PMUS,Scombridae,,Kawakawa,88,"2,678"
2012,3,Oahu,PMUS,Istiophoridae,,Black marlin,6,"1,999"
2012,3,Oahu,PMUS,Istiophoridae,,Sailfish,13,839
2012,3,Oahu,PMUS,Scombridae,,Tuna-misc.,11,338
2013,3,Oahu,PMUS,Scombridae,,Yellowfin tuna,371,"275,461"
2013,3,Oahu,PMUS,Scombridae,,Bigeye tuna,51,"34,939"
2013,3,Oahu,PMUS,Coryphaenidae,,Mahimahi,402,"187,942"
2013,3,Oahu,PMUS,Scombridae,,Ono,313,"35,448"
2013,3,Oahu,PMUS,Scombridae,,Aku,351,"406,388"
2013,3,Oahu,PMUS,Istiophoridae,,Blue marlin,180,"103,683"
2013,3,Oahu,PMUS,Scombridae,,Tombo,4,27
2013,3,Oahu,PMUS,Bramidae,,Monchong,10,777
2013,3,Oahu,PMUS,Istiophoridae,,S.N. spearfish,83,"4,995"
2013,3,Oahu,PMUS,Istiophoridae,,Striped marlin,55,"8,492"
2013,3,Oahu,PMUS,Scombridae,,Kawakawa,91,"3,935"
2013,3,Oahu,PMUS,Istiophoridae,,Black marlin,8,"2,218"
2013,3,Oahu,PMUS,Istiophoridae,,Sailfish,14,"1,054"
2013,3,Oahu,PMUS,Lamnidae,,Mako,3,48
2013,3,Oahu,PMUS,Scombridae,,Tuna-misc.,7,98
2014,3,Oahu,PMUS,Scombridae,,Yellowfin tuna,345,"246,370"
2014,3,Oahu,PMUS,Scombridae,,Bigeye tuna,54,"51,573"
2014,3,Oahu,PMUS,Coryphaenidae,,Mahimahi,365,"238,172"
2014,3,Oahu,PMUS,Scombridae,,Ono,325,"48,105"
2014,3,Oahu,PMUS,Scombridae,,Aku,293,"117,906"
2014,3,Oahu,PMUS,Istiophoridae,,Blue marlin,181,"110,833"
2014,3,Oahu,PMUS,Scombridae,,Tombo,3,587
2014,3,Oahu,PMUS,Bramidae,,Monchong,6,"1,828"
2014,3,Oahu,PMUS,Istiophoridae,,S.N. spearfish,78,"5,418"
2014,3,Oahu,PMUS,Istiophoridae,,Striped marlin,85,"13,882"
2014,3,Oahu,PMUS,Scombridae,,Kawakawa,119,"13,133"
2014,3,Oahu,PMUS,Istiophoridae,,Black marlin,7,"2,026"
2014,3,Oahu,PMUS,Istiophoridae,,Sailfish,7,398
2014,3,Oahu,PMUS,Scombridae,,Tuna-misc.,14,786
2014,3,Oahu,PMUS,Scombridae,,Keokeo,5,28
2015,3,Oahu,PMUS,Scombridae,,Yellowfin tuna,329,"256,765"
2015,3,Oahu,PMUS,Scombridae,,Bigeye tuna,36,"18,667"
2015,3,Oahu,PMUS,Coryphaenidae,,Mahimahi,351,"152,765"
2015,3,Oahu,PMUS,Scombridae,,Ono,303,"45,066"
2015,3,Oahu,PMUS,Scombridae,,Aku,322,"146,397"
2015,3,Oahu,PMUS,Istiophoridae,,Blue marlin,222,"161,250"
2015,3,Oahu,PMUS,Bramidae,,Monchong,5,406
2015,3,Oahu,PMUS,Istiophoridae,,S.N. spearfish,78,"7,140"
2015,3,Oahu,PMUS,Istiophoridae,,Striped marlin,72,"10,256"
2015,3,Oahu,PMUS,Scombridae,,Kawakawa,127,"14,764"
2015,3,Oahu,PMUS,Istiophoridae,,Black marlin,10,"2,772"
2015,3,Oahu,PMUS,Istiophoridae,,Sailfish,16,"1,488"
2015,3,Oahu,PMUS,Scombridae,,Tuna-misc.,18,625
2015,3,Oahu,PMUS,Scombridae,,Keokeo,3,9
2016,3,Oahu,PMUS,Scombridae,,Yellowfin tuna,289,"245,569"
2016,3,Oahu,PMUS,Scombridae,,Bigeye tuna,25,"3,823"
2016,3,Oahu,PMUS,Coryphaenidae,,Mahimahi,308,"134,586"
2016,3,Oahu,PMUS,Scombridae,,Ono,238,"22,764"
2016,3,Oahu,PMUS,Scombridae,,Aku,274,"155,173"
2016,3,Oahu,PMUS,Istiophoridae,,Blue marlin,174,"135,713"
2016,3,Oahu,PMUS,Bramidae,,Monchong,4,210
2016,3,Oahu,PMUS,Istiophoridae,,S.N. spearfish,100,"7,054"
2016,3,Oahu,PMUS,Istiophoridae,,Striped marlin,68,"13,452"
2016,3,Oahu,PMUS,Scombridae,,Kawakawa,70,"2,620"
2016,3,Oahu,PMUS,Istiophoridae,,Black marlin,6,"2,888"
2016,3,Oahu,PMUS,Istiophoridae,,Sailfish,11,"2,180"
2016,3,Oahu,PMUS,Scombridae,,Tuna-misc.,13,359
2016,3,Oahu,PMUS,Scombridae,,Keokeo,4,40
2012,4,Kauai County,BMUS,Lutjanidae,,Opakapaka,34,"2,535"
2012,4,Kauai County,BMUS,Lutjanidae,,Uku,68,"30,512"
2012,4,Kauai County,BMUS,Lutjanidae,,Onaga,31,"4,473"
2012,4,Kauai County,BMUS,Lutjanidae,,Taape,44,"2,627"
2012,4,Kauai County,BMUS,Lutjanidae,,Ehu,51,"4,873"
2012,4,Kauai County,BMUS,Carangidae,,Kahala,41,"8,687"
2012,4,Kauai County,BMUS,Lutjanidae,,Kalekale,35,"2,311"
2012,4,Kauai County,BMUS,Carangidae,,White ulua,26,"4,230"
2012,4,Kauai County,BMUS,Lutjanidae,,Lehi,6,469
2012,4,Kauai County,BMUS,Serranidae,,Hapuupuu,30,"1,822"
2012,4,Kauai County,BMUS,Lutjanidae,,Gindai,47,"1,330"
2012,4,Kauai County,BMUS,Carangidae,,Butaguchi ulua,8,485
2012,4,Kauai County,BMUS,Carangidae,,Gunkan ulua,5,140
2013,4,Kauai County,BMUS,Lutjanidae,,Opakapaka,27,"1,729"
2013,4,Kauai County,BMUS,Lutjanidae,,Uku,68,"28,709"
2013,4,Kauai County,BMUS,Lutjanidae,,Onaga,27,"4,336"
2013,4,Kauai County,BMUS,Lutjanidae,,Taape,38,"3,272"
2013,4,Kauai County,BMUS,Lutjanidae,,Ehu,40,"3,195"
2013,4,Kauai County,BMUS,Carangidae,,Kahala,29,"6,019"
2013,4,Kauai County,BMUS,Lutjanidae,,Kalekale,27,"1,122"
2013,4,Kauai County,BMUS,Carangidae,,White ulua,26,"2,778"
2013,4,Kauai County,BMUS,Lutjanidae,,Lehi,4,133
2013,4,Kauai County,BMUS,Serranidae,,Hapuupuu,23,"2,265"
2013,4,Kauai County,BMUS,Lutjanidae,,Gindai,30,882
2013,4,Kauai County,BMUS,Carangidae,,Butaguchi ulua,3,388
2013,4,Kauai County,BMUS,Carangidae,,Gunkan ulua,6,486
2014,4,Kauai County,BMUS,Lutjanidae,,Opakapaka,28,"3,756"
2014,4,Kauai County,BMUS,Lutjanidae,,Uku,57,"28,979"
2014,4,Kauai County,BMUS,Lutjanidae,,Onaga,28,"6,738"
2014,4,Kauai County,BMUS,Lutjanidae,,Taape,30,"3,166"
2014,4,Kauai County,BMUS,Lutjanidae,,Ehu,39,"3,567"
2014,4,Kauai County,BMUS,Carangidae,,Kahala,34,"4,844"
2014,4,Kauai County,BMUS,Lutjanidae,,Kalekale,30,"1,881"
2014,4,Kauai County,BMUS,Carangidae,,White ulua,26,"3,053"
2014,4,Kauai County,BMUS,Lutjanidae,,Lehi,6,198
2014,4,Kauai County,BMUS,Serranidae,,Hapuupuu,21,"3,178"
2014,4,Kauai County,BMUS,Lutjanidae,,Gindai,30,926
2014,4,Kauai County,BMUS,Carangidae,,Gunkan ulua,5,216
2015,4,Kauai County,BMUS,Lutjanidae,,Opakapaka,22,"6,862"
2015,4,Kauai County,BMUS,Lutjanidae,,Uku,57,"21,202"
2015,4,Kauai County,BMUS,Lutjanidae,,Onaga,23,"3,762"
2015,4,Kauai County,BMUS,Lutjanidae,,Taape,30,"1,560"
2015,4,Kauai County,BMUS,Lutjanidae,,Ehu,34,"3,476"
2015,4,Kauai County,BMUS,Carangidae,,Kahala,35,"7,125"
2015,4,Kauai County,BMUS,Lutjanidae,,Kalekale,22,"1,336"
2015,4,Kauai County,BMUS,Carangidae,,White ulua,18,"2,739"
2015,4,Kauai County,BMUS,Lutjanidae,,Lehi,4,119
2015,4,Kauai County,BMUS,Serranidae,,Hapuupuu,24,"1,654"
2015,4,Kauai County,BMUS,Lutjanidae,,Gindai,24,502
2015,4,Kauai County,BMUS,Carangidae,,Butaguchi ulua,4,144
2015,4,Kauai County,BMUS,Carangidae,,Gunkan ulua,5,143
2016,4,Kauai County,BMUS,Lutjanidae,,Opakapaka,19,"5,576"
2016,4,Kauai County,BMUS,Lutjanidae,,Uku,52,"16,516"
2016,4,Kauai County,BMUS,Lutjanidae,,Onaga,16,"3,571"
2016,4,Kauai County,BMUS,Lutjanidae,,Taape,32,"2,919"
2016,4,Kauai County,BMUS,Lutjanidae,,Ehu,33,"4,182"
2016,4,Kauai County,BMUS,Carangidae,,Kahala,23,"4,623"
2016,4,Kauai County,BMUS,Lutjanidae,,Kalekale,22,"1,527"
2016,4,Kauai County,BMUS,Carangidae,,White ulua,16,"1,685"
2016,4,Kauai County,BMUS,Lutjanidae,,Lehi,4,201
2016,4,Kauai County,BMUS,Serranidae,,Hapuupuu,17,"2,602"
2016,4,Kauai County,BMUS,Lutjanidae,,Gindai,22,761
2016,4,Kauai County,BMUS,Carangidae,,Gunkan ulua,3,130
2012,4,Kauai County,CHCRT,Carangidae,,Akule,33,"40,054"
2012,4,Kauai County,CHCRT,Carangidae,,Opelu,32,"12,550"
2012,4,Kauai County,CHCRT,Scaridae,,Uhu parrot-misc.,4,"1,506"
2012,4,Kauai County,CHCRT,Holocentridae,,Menpachi,38,"9,984"
2012,4,Kauai County,CHCRT,Mullidae,,Weke ula,15,420
2012,4,Kauai County,CHCRT,Kyphosidae,,Nenue,5,99
2012,4,Kauai County,CHCRT,Carangidae,,Hahalalu,5,278
2012,4,Kauai County,CHCRT,Mullidae,,Weke nono,12,"1,502"
2012,4,Kauai County,CHCRT,Priacanthidae,,Aweoweo,15,244
2012,4,Kauai County,CHCRT,Mugilidae,,Amaama,3,"1,380"
2012,4,Kauai County,CHCRT,Mullidae,,Kumu,9,618
2012,4,Kauai County,CHCRT,Mullidae,,Moana,16,288
2012,4,Kauai County,CHCRT,Labridae,,Aawa,13,435
2012,4,Kauai County,CHCRT,Labridae,,Laenihi,5,35
2012,4,Kauai County,CHCRT,Sphyraenidae,,Kawelea,11,143
2012,4,Kauai County,CHCRT,Kuhliidae,,Aholehole,5,217
2012,4,Kauai County,CHCRT,Carcharhinidae,,Shark-misc.,4,4
2012,4,Kauai County,CHCRT,Sphyraenidae,,Kaku,16,747
2012,4,Kauai County,CHCRT,Mullidae,,Moana kale,14,212
2012,4,Kauai County,CHCRT,Carangidae,,Kagami ulua,6,174
2012,4,Kauai County,CHCRT,Mullidae,,Malu,3,22
2013,4,Kauai County,CHCRT,Carangidae,,Akule,34,"37,280"
2013,4,Kauai County,CHCRT,Carangidae,,Opelu,33,"14,508"
2013,4,Kauai County,CHCRT,Holocentridae,,Menpachi,38,"13,895"
2013,4,Kauai County,CHCRT,Mullidae,,Weke ula,11,429
2013,4,Kauai County,CHCRT,Carangidae,,Hahalalu,4,104
2013,4,Kauai County,CHCRT,Mullidae,,Weke nono,7,"1,198"
2013,4,Kauai County,CHCRT,Priacanthidae,,Aweoweo,13,438
2013,4,Kauai County,CHCRT,Mullidae,,Kumu,6,311
2013,4,Kauai County,CHCRT,Mullidae,,Moana,11,155
2013,4,Kauai County,CHCRT,Labridae,,Aawa,12,140
2013,4,Kauai County,CHCRT,Labridae,,Laenihi,4,10
2013,4,Kauai County,CHCRT,Sphyraenidae,,Kawelea,3,12
2013,4,Kauai County,CHCRT,Kuhliidae,,Aholehole,3,271
2013,4,Kauai County,CHCRT,Sphyraenidae,,Kaku,16,496
2013,4,Kauai County,CHCRT,Mullidae,,Moana kale,10,153
2014,4,Kauai County,CHCRT,Carangidae,,Akule,39,"38,603"
2014,4,Kauai County,CHCRT,Carangidae,,Opelu,36,"11,851"
2014,4,Kauai County,CHCRT,Scaridae,,Uhu parrot-misc.,4,"1,820"
2014,4,Kauai County,CHCRT,Holocentridae,,Menpachi,27,"19,804"
2014,4,Kauai County,CHCRT,Mullidae,,Weke ula,8,204
2014,4,Kauai County,CHCRT,Acanthuridae,,Palani,3,52
2014,4,Kauai County,CHCRT,Kyphosidae,,Nenue,7,54
2014,4,Kauai County,CHCRT,Carangidae,,Hahalalu,5,192
2014,4,Kauai County,CHCRT,Mullidae,,Weke nono,13,"1,477"
2014,4,Kauai County,CHCRT,Priacanthidae,,Aweoweo,18,999
2014,4,Kauai County,CHCRT,Mullidae,,Kumu,3,451
2014,4,Kauai County,CHCRT,Mullidae,,Moana,14,160
2014,4,Kauai County,CHCRT,Labridae,,Aawa,9,409
2014,4,Kauai County,CHCRT,Sphyraenidae,,Kawelea,7,93
2014,4,Kauai County,CHCRT,Kuhliidae,,Aholehole,3,229
2014,4,Kauai County,CHCRT,Carcharhinidae,,Shark-misc.,4,95
2014,4,Kauai County,CHCRT,Sphyraenidae,,Kaku,19,433
2014,4,Kauai County,CHCRT,Mullidae,,Moana kale,7,286
2015,4,Kauai County,CHCRT,Carangidae,,Akule,43,"52,506"
2015,4,Kauai County,CHCRT,Carangidae,,Opelu,26,"5,768"
2015,4,Kauai County,CHCRT,Scaridae,,Uhu parrot-misc.,7,766
2015,4,Kauai County,CHCRT,Holocentridae,,Menpachi,32,"11,872"
2015,4,Kauai County,CHCRT,Mullidae,,Weke ula,6,63
2015,4,Kauai County,CHCRT,Acanthuridae,,Palani,3,28
2015,4,Kauai County,CHCRT,Acanthuridae,,Kala,3,217
2015,4,Kauai County,CHCRT,Kyphosidae,,Nenue,3,72
2015,4,Kauai County,CHCRT,Carangidae,,Hahalalu,5,144
2015,4,Kauai County,CHCRT,Acanthuridae,,Manini,4,29
2015,4,Kauai County,CHCRT,Mullidae,,Weke nono,10,"1,540"
2015,4,Kauai County,CHCRT,Priacanthidae,,Aweoweo,19,540
2015,4,Kauai County,CHCRT,Mullidae,,Kumu,5,151
2015,4,Kauai County,CHCRT,Mullidae,,Moana,8,109
2015,4,Kauai County,CHCRT,Labridae,,Aawa,5,247
2015,4,Kauai County,CHCRT,Sphyraenidae,,Kawelea,6,77
2015,4,Kauai County,CHCRT,Kuhliidae,,Aholehole,4,273
2015,4,Kauai County,CHCRT,Carcharhinidae,,Shark-misc.,4,40
2015,4,Kauai County,CHCRT,Sphyraenidae,,Kaku,14,465
2015,4,Kauai County,CHCRT,Mullidae,,Moana kale,7,117
2015,4,Kauai County,CHCRT,Balistidae,,Humuhumu,3,19
2016,4,Kauai County,CHCRT,Carangidae,,Akule,46,"36,583"
2016,4,Kauai County,CHCRT,Carangidae,,Opelu,20,"8,801"
2016,4,Kauai County,CHCRT,Scaridae,,Uhu parrot-misc.,4,"1,346"
2016,4,Kauai County,CHCRT,Holocentridae,,Menpachi,30,"14,140"
2016,4,Kauai County,CHCRT,Mullidae,,Weke ula,8,"1,038"
2016,4,Kauai County,CHCRT,Kyphosidae,,Nenue,3,27
2016,4,Kauai County,CHCRT,Mullidae,,Weke nono,11,"2,026"
2016,4,Kauai County,CHCRT,Priacanthidae,,Aweoweo,17,546
2016,4,Kauai County,CHCRT,Mullidae,,Kumu,6,218
2016,4,Kauai County,CHCRT,Mullidae,,Moana,10,112
2016,4,Kauai County,CHCRT,Labridae,,Aawa,10,44
2016,4,Kauai County,CHCRT,Sphyraenidae,,Kawelea,3,20
2016,4,Kauai County,CHCRT,Carcharhinidae,,Shark-misc.,3,5
2016,4,Kauai County,CHCRT,Sphyraenidae,,Kaku,7,111
2016,4,Kauai County,CHCRT,Mullidae,,Moana kale,8,68
2016,4,Kauai County,CHCRT,Polynemidae,,Moi,3,137
2016,4,Kauai County,CHCRT,Carangidae,,Kagami ulua,6,205
2012,4,Kauai County,PHCRT,Carangidae,,Papa ulua,11,302
2012,4,Kauai County,PHCRT,Carangidae,,Omilu,25,"2,423"
2012,4,Kauai County,PHCRT,Carangidae,,Kamanu,10,570
2012,4,Kauai County,PHCRT,Lutjanidae,,Toau,14,99
2012,4,Kauai County,PHCRT,Lethrinidae,,Mu,4,164
2012,4,Kauai County,PHCRT,Scorpaenidae,,Hogo,19,245
2012,4,Kauai County,PHCRT,Emmelichthyidae,,Golden kali,7,26
2013,4,Kauai County,PHCRT,Carangidae,,Papa ulua,4,207
2013,4,Kauai County,PHCRT,Carangidae,,Omilu,20,"2,546"
2013,4,Kauai County,PHCRT,Carangidae,,Kamanu,12,917
2013,4,Kauai County,PHCRT,Lutjanidae,,Toau,12,122
2013,4,Kauai County,PHCRT,Scorpaenidae,,Hogo,10,191
2013,4,Kauai County,PHCRT,Emmelichthyidae,,Golden kali,7,38
2013,4,Kauai County,PHCRT,Priacanthidae,,Aweoweo (deepsea),3,13
2014,4,Kauai County,PHCRT,Albulidae,,Oio,5,"1,848"
2014,4,Kauai County,PHCRT,Carangidae,,Papa ulua,11,567
2014,4,Kauai County,PHCRT,Carangidae,,Omilu,26,"2,093"
2014,4,Kauai County,PHCRT,Carangidae,,Kamanu,18,909
2014,4,Kauai County,PHCRT,Lutjanidae,,Toau,9,418
2014,4,Kauai County,PHCRT,Scorpaenidae,,Hogo,14,240
2014,4,Kauai County,PHCRT,Carangidae,,Ulua-misc.,12,348
2014,4,Kauai County,PHCRT,Carangidae,,Sasa ulua,3,89
2014,4,Kauai County,PHCRT,Emmelichthyidae,,Golden kali,4,22
2015,4,Kauai County,PHCRT,Carangidae,,Papa ulua,7,150
2015,4,Kauai County,PHCRT,Carangidae,,Omilu,20,"2,138"
2015,4,Kauai County,PHCRT,Carangidae,,Kamanu,14,963
2015,4,Kauai County,PHCRT,Lutjanidae,,Toau,7,113
2015,4,Kauai County,PHCRT,Lethrinidae,,Mu,3,230
2015,4,Kauai County,PHCRT,Scorpaenidae,,Hogo,14,373
2015,4,Kauai County,PHCRT,Carangidae,,Ulua-misc.,5,189
2015,4,Kauai County,PHCRT,Emmelichthyidae,,Golden kali,3,21
2015,4,Kauai County,PHCRT,Priacanthidae,,Aweoweo (deepsea),3,16
2015,4,Kauai County,PHCRT,Lutjanidae,,Wahanui,3,56
2016,4,Kauai County,PHCRT,Albulidae,,Oio,4,434
2016,4,Kauai County,PHCRT,Carangidae,,Papa ulua,7,160
2016,4,Kauai County,PHCRT,Carangidae,,Omilu,20,"2,175"
2016,4,Kauai County,PHCRT,Carangidae,,Kamanu,16,982
2016,4,Kauai County,PHCRT,Lutjanidae,,Toau,9,126
2016,4,Kauai County,PHCRT,Lethrinidae,,Mu,3,381
2016,4,Kauai County,PHCRT,Scorpaenidae,,Hogo,17,362
2016,4,Kauai County,PHCRT,Emmelichthyidae,,Golden kali,4,36
2016,4,Kauai County,PHCRT,Priacanthidae,,Aweoweo (deepsea),3,31
2012,4,Kauai County,PMUS,Scombridae,,Yellowfin tuna,201,"480,378"
2012,4,Kauai County,PMUS,Scombridae,,Bigeye tuna,29,"79,056"
2012,4,Kauai County,PMUS,Coryphaenidae,,Mahimahi,170,"79,011"
2012,4,Kauai County,PMUS,Scombridae,,Ono,167,"72,748"
2012,4,Kauai County,PMUS,Scombridae,,Aku,138,"39,484"
2012,4,Kauai County,PMUS,Istiophoridae,,Blue marlin,60,"26,281"
2012,4,Kauai County,PMUS,Scombridae,,Tombo,5,"1,048"
2012,4,Kauai County,PMUS,Bramidae,,Monchong,4,222
2012,4,Kauai County,PMUS,Istiophoridae,,S.N. spearfish,20,"1,261"
2012,4,Kauai County,PMUS,Istiophoridae,,Striped marlin,17,"2,771"
2012,4,Kauai County,PMUS,Scombridae,,Kawakawa,30,913
2012,4,Kauai County,PMUS,Xiphiidae,,Swordfish,5,749
2012,4,Kauai County,PMUS,Istiophoridae,,Black marlin,4,"1,071"
2012,4,Kauai County,PMUS,Istiophoridae,,Sailfish,3,197
2013,4,Kauai County,PMUS,Scombridae,,Yellowfin tuna,188,"408,168"
2013,4,Kauai County,PMUS,Scombridae,,Bigeye tuna,28,"55,497"
2013,4,Kauai County,PMUS,Coryphaenidae,,Mahimahi,152,"44,972"
2013,4,Kauai County,PMUS,Scombridae,,Ono,163,"65,391"
2013,4,Kauai County,PMUS,Scombridae,,Aku,131,"48,602"
2013,4,Kauai County,PMUS,Istiophoridae,,Blue marlin,58,"26,797"
2013,4,Kauai County,PMUS,Scombridae,,Tombo,3,418
2013,4,Kauai County,PMUS,Bramidae,,Monchong,5,195
2013,4,Kauai County,PMUS,Istiophoridae,,S.N. spearfish,27,"3,314"
2013,4,Kauai County,PMUS,Istiophoridae,,Striped marlin,14,"2,118"
2013,4,Kauai County,PMUS,Scombridae,,Kawakawa,34,"1,850"
2013,4,Kauai County,PMUS,Istiophoridae,,Black marlin,4,"1,338"
2013,4,Kauai County,PMUS,Istiophoridae,,Sailfish,3,295
2014,4,Kauai County,PMUS,Scombridae,,Yellowfin tuna,197,"391,518"
2014,4,Kauai County,PMUS,Scombridae,,Bigeye tuna,24,"27,384"
2014,4,Kauai County,PMUS,Coryphaenidae,,Mahimahi,162,"47,099"
2014,4,Kauai County,PMUS,Scombridae,,Ono,177,"74,367"
2014,4,Kauai County,PMUS,Scombridae,,Aku,105,"19,654"
2014,4,Kauai County,PMUS,Istiophoridae,,Blue marlin,69,"32,867"
2014,4,Kauai County,PMUS,Scombridae,,Tombo,11,"2,946"
2014,4,Kauai County,PMUS,Bramidae,,Monchong,6,262
2014,4,Kauai County,PMUS,Istiophoridae,,S.N. spearfish,15,636
2014,4,Kauai County,PMUS,Istiophoridae,,Striped marlin,14,"2,531"
2014,4,Kauai County,PMUS,Scombridae,,Kawakawa,46,"2,152"
2014,4,Kauai County,PMUS,Xiphiidae,,Swordfish,7,882
2014,4,Kauai County,PMUS,Istiophoridae,,Black marlin,3,"1,230"
2014,4,Kauai County,PMUS,Istiophoridae,,Sailfish,6,457
2015,4,Kauai County,PMUS,Scombridae,,Yellowfin tuna,185,"406,625"
2015,4,Kauai County,PMUS,Scombridae,,Bigeye tuna,23,"7,105"
2015,4,Kauai County,PMUS,Coryphaenidae,,Mahimahi,145,"52,909"
2015,4,Kauai County,PMUS,Scombridae,,Ono,178,"58,438"
2015,4,Kauai County,PMUS,Scombridae,,Aku,110,"31,712"
2015,4,Kauai County,PMUS,Istiophoridae,,Blue marlin,94,"48,378"
2015,4,Kauai County,PMUS,Bramidae,,Monchong,8,"2,013"
2015,4,Kauai County,PMUS,Istiophoridae,,S.N. spearfish,23,"1,540"
2015,4,Kauai County,PMUS,Istiophoridae,,Striped marlin,27,"3,454"
2015,4,Kauai County,PMUS,Scombridae,,Kawakawa,43,"2,844"
2015,4,Kauai County,PMUS,Xiphiidae,,Swordfish,5,591
2015,4,Kauai County,PMUS,Istiophoridae,,Black marlin,12,"3,649"
2015,4,Kauai County,PMUS,Istiophoridae,,Sailfish,6,551
2016,4,Kauai County,PMUS,Scombridae,,Yellowfin tuna,171,"392,557"
2016,4,Kauai County,PMUS,Scombridae,,Bigeye tuna,10,"2,361"
2016,4,Kauai County,PMUS,Coryphaenidae,,Mahimahi,122,"35,253"
2016,4,Kauai County,PMUS,Scombridae,,Ono,154,"39,628"
2016,4,Kauai County,PMUS,Scombridae,,Aku,91,"29,065"
2016,4,Kauai County,PMUS,Istiophoridae,,Blue marlin,61,"34,613"
2016,4,Kauai County,PMUS,Scombridae,,Tombo,3,177
2016,4,Kauai County,PMUS,Bramidae,,Monchong,7,"1,898"
2016,4,Kauai County,PMUS,Istiophoridae,,S.N. spearfish,35,"2,210"
2016,4,Kauai County,PMUS,Istiophoridae,,Striped marlin,22,"2,361"
2016,4,Kauai County,PMUS,Scombridae,,Kawakawa,30,"1,304"
2016,4,Kauai County,PMUS,Istiophoridae,,Sailfish,8,726
2012,2,Penguin Bank,CHCRT,Holocentridae,,Menpachi,7,44
2012,2,Penguin Bank,CHCRT,Mullidae,,Weke nono,6,89
2012,2,Penguin Bank,CHCRT,Priacanthidae,,Aweoweo,5,106
2012,2,Penguin Bank,CHCRT,Labridae,,Aawa,6,40
2012,2,Penguin Bank,CHCRT,Sphyraenidae,,Kawelea,4,61
2012,2,Penguin Bank,CHCRT,Carcharhinidae,,Shark-misc.,4,24
2012,2,Penguin Bank,CHCRT,Sphyraenidae,,Kaku,13,156
2013,2,Penguin Bank,CHCRT,Carangidae,,Akule,4,281
2013,2,Penguin Bank,CHCRT,Holocentridae,,Menpachi,8,20
2013,2,Penguin Bank,CHCRT,Mullidae,,Weke nono,10,133
2013,2,Penguin Bank,CHCRT,Priacanthidae,,Aweoweo,12,83
2013,2,Penguin Bank,CHCRT,Labridae,,Aawa,3,15
2013,2,Penguin Bank,CHCRT,Sphyraenidae,,Kawelea,7,227
2013,2,Penguin Bank,CHCRT,Carcharhinidae,,Shark-misc.,11,53
2013,2,Penguin Bank,CHCRT,Sphyraenidae,,Kaku,7,72
2014,2,Penguin Bank,CHCRT,Carangidae,,Akule,3,209
2014,2,Penguin Bank,CHCRT,Carangidae,,Opelu,5,268
2014,2,Penguin Bank,CHCRT,Holocentridae,,Menpachi,10,45
2014,2,Penguin Bank,CHCRT,Mullidae,,Weke ula,3,31
2014,2,Penguin Bank,CHCRT,Mullidae,,Weke nono,7,48
2014,2,Penguin Bank,CHCRT,Priacanthidae,,Aweoweo,9,79
2014,2,Penguin Bank,CHCRT,Labridae,,Aawa,4,11
2014,2,Penguin Bank,CHCRT,Labridae,,Laenihi,4,41
2014,2,Penguin Bank,CHCRT,Sphyraenidae,,Kawelea,5,44
2014,2,Penguin Bank,CHCRT,Carcharhinidae,,Shark-misc.,6,0
2014,2,Penguin Bank,CHCRT,Sphyraenidae,,Kaku,6,103
2015,2,Penguin Bank,CHCRT,Carangidae,,Opelu,4,110
2015,2,Penguin Bank,CHCRT,Holocentridae,,Menpachi,4,5
2015,2,Penguin Bank,CHCRT,Mullidae,,Weke nono,8,102
2015,2,Penguin Bank,CHCRT,Priacanthidae,,Aweoweo,6,56
2015,2,Penguin Bank,CHCRT,Labridae,,Aawa,4,24
2015,2,Penguin Bank,CHCRT,Labridae,,Laenihi,4,267
2015,2,Penguin Bank,CHCRT,Sphyraenidae,,Kawelea,5,168
2015,2,Penguin Bank,CHCRT,Carcharhinidae,,Shark-misc.,3,0
2015,2,Penguin Bank,CHCRT,Sphyraenidae,,Kaku,10,157
2016,2,Penguin Bank,CHCRT,Carangidae,,Opelu,3,20
2016,2,Penguin Bank,CHCRT,Holocentridae,,Menpachi,7,30
2016,2,Penguin Bank,CHCRT,Mullidae,,Weke nono,10,152
2016,2,Penguin Bank,CHCRT,Priacanthidae,,Aweoweo,6,103
2016,2,Penguin Bank,CHCRT,Labridae,,Aawa,5,47
2016,2,Penguin Bank,CHCRT,Labridae,,Laenihi,6,307
2016,2,Penguin Bank,CHCRT,Sphyraenidae,,Kawelea,7,109
2016,2,Penguin Bank,CHCRT,Carcharhinidae,,Shark-misc.,5,300
2016,2,Penguin Bank,CHCRT,Sphyraenidae,,Kaku,15,148
2012,,Other offshore,BMUS,Lutjanidae,,Opakapaka,3,"1,694"
2012,,Other offshore,BMUS,Lutjanidae,,Uku,4,"3,116"
2012,,Other offshore,BMUS,Lutjanidae,,Ehu,3,57
2012,,Other offshore,BMUS,Lutjanidae,,Kalekale,4,281
2012,,Other offshore,BMUS,Serranidae,,Hapuupuu,3,"3,186"
2013,,Other offshore,BMUS,Lutjanidae,,Uku,3,"1,699"
2014,,Other offshore,BMUS,Lutjanidae,,Opakapaka,3,"2,167"
2014,,Other offshore,BMUS,Lutjanidae,,Uku,4,859
2014,,Other offshore,BMUS,Lutjanidae,,Kalekale,3,149
2014,,Other offshore,BMUS,Serranidae,,Hapuupuu,4,"1,855"
2015,,Other offshore,BMUS,Lutjanidae,,Uku,3,637
2016,,Other offshore,BMUS,Lutjanidae,,Uku,4,530
2012,2,Penguin Bank,BMUS,Lutjanidae,,Opakapaka,65,"16,362"
2012,2,Penguin Bank,BMUS,Lutjanidae,,Uku,56,"48,216"
2012,2,Penguin Bank,BMUS,Lutjanidae,,Onaga,52,"14,795"
2012,2,Penguin Bank,BMUS,Lutjanidae,,Taape,15,199
2012,2,Penguin Bank,BMUS,Lutjanidae,,Ehu,59,"4,956"
2012,2,Penguin Bank,BMUS,Carangidae,,Kahala,24,"1,729"
2012,2,Penguin Bank,BMUS,Lutjanidae,,Kalekale,48,"2,683"
2012,2,Penguin Bank,BMUS,Carangidae,,White ulua,13,"1,619"
2012,2,Penguin Bank,BMUS,Lutjanidae,,Lehi,9,200
2012,2,Penguin Bank,BMUS,Serranidae,,Hapuupuu,29,735
2012,2,Penguin Bank,BMUS,Lutjanidae,,Gindai,32,423
2013,2,Penguin Bank,BMUS,Lutjanidae,,Opakapaka,56,"14,249"
2013,2,Penguin Bank,BMUS,Lutjanidae,,Uku,50,"51,553"
2013,2,Penguin Bank,BMUS,Lutjanidae,,Onaga,54,"16,319"
2013,2,Penguin Bank,BMUS,Lutjanidae,,Taape,17,193
2013,2,Penguin Bank,BMUS,Lutjanidae,,Ehu,56,"5,720"
2013,2,Penguin Bank,BMUS,Carangidae,,Kahala,24,"1,071"
2013,2,Penguin Bank,BMUS,Lutjanidae,,Kalekale,47,"2,398"
2013,2,Penguin Bank,BMUS,Carangidae,,White ulua,14,"1,347"
2013,2,Penguin Bank,BMUS,Lutjanidae,,Lehi,11,220
2013,2,Penguin Bank,BMUS,Serranidae,,Hapuupuu,15,551
2013,2,Penguin Bank,BMUS,Lutjanidae,,Gindai,25,416
2014,2,Penguin Bank,BMUS,Lutjanidae,,Opakapaka,55,"22,041"
2014,2,Penguin Bank,BMUS,Lutjanidae,,Uku,52,"27,552"
2014,2,Penguin Bank,BMUS,Lutjanidae,,Onaga,39,"15,058"
2014,2,Penguin Bank,BMUS,Lutjanidae,,Taape,17,172
2014,2,Penguin Bank,BMUS,Lutjanidae,,Ehu,48,"4,503"
2014,2,Penguin Bank,BMUS,Carangidae,,Kahala,21,"1,297"
2014,2,Penguin Bank,BMUS,Lutjanidae,,Kalekale,37,"3,134"
2014,2,Penguin Bank,BMUS,Carangidae,,White ulua,14,931
2014,2,Penguin Bank,BMUS,Lutjanidae,,Lehi,12,295
2014,2,Penguin Bank,BMUS,Serranidae,,Hapuupuu,14,419
2014,2,Penguin Bank,BMUS,Lutjanidae,,Gindai,23,324
2014,2,Penguin Bank,BMUS,Carangidae,,Butaguchi ulua,3,62
2015,2,Penguin Bank,BMUS,Lutjanidae,,Opakapaka,43,"12,472"
2015,2,Penguin Bank,BMUS,Lutjanidae,,Uku,52,"34,008"
2015,2,Penguin Bank,BMUS,Lutjanidae,,Onaga,32,"10,861"
2015,2,Penguin Bank,BMUS,Lutjanidae,,Taape,11,199
2015,2,Penguin Bank,BMUS,Lutjanidae,,Ehu,45,"3,435"
2015,2,Penguin Bank,BMUS,Carangidae,,Kahala,18,"1,804"
2015,2,Penguin Bank,BMUS,Lutjanidae,,Kalekale,30,"2,496"
2015,2,Penguin Bank,BMUS,Carangidae,,White ulua,11,415
2015,2,Penguin Bank,BMUS,Lutjanidae,,Lehi,8,129
2015,2,Penguin Bank,BMUS,Serranidae,,Hapuupuu,12,229
2015,2,Penguin Bank,BMUS,Lutjanidae,,Gindai,26,213
2016,2,Penguin Bank,BMUS,Lutjanidae,,Opakapaka,58,"16,274"
2016,2,Penguin Bank,BMUS,Lutjanidae,,Uku,47,"42,752"
2016,2,Penguin Bank,BMUS,Lutjanidae,,Onaga,36,"8,854"
2016,2,Penguin Bank,BMUS,Lutjanidae,,Taape,11,296
2016,2,Penguin Bank,BMUS,Lutjanidae,,Ehu,40,"4,176"
2016,2,Penguin Bank,BMUS,Carangidae,,Kahala,21,"2,559"
2016,2,Penguin Bank,BMUS,Lutjanidae,,Kalekale,32,"2,097"
2016,2,Penguin Bank,BMUS,Carangidae,,White ulua,10,452
2016,2,Penguin Bank,BMUS,Lutjanidae,,Lehi,12,429
2016,2,Penguin Bank,BMUS,Serranidae,,Hapuupuu,19,546
2016,2,Penguin Bank,BMUS,Lutjanidae,,Gindai,22,295
