rgn_id,stock_key,year,score,ref,Family
1,Aawa_CHCR,2012,,,Labridae
2,Aawa_CHCR,2012,,,Labridae
3,Aawa_CHCR,2012,,,Labridae
4,Aawa_CHCR,2012,,,Labridae
1,Aawa_CHCR,2013,,,Labridae
2,Aawa_CHCR,2013,,,Labridae
3,Aawa_CHCR,2013,,,Labridae
4,Aawa_CHCR,2013,,,Labridae
1,Aawa_CHCR,2014,,,Labridae
2,Aawa_CHCR,2014,,,Labridae
3,Aawa_CHCR,2014,,,Labridae
4,Aawa_CHCR,2014,,,Labridae
1,Aawa_CHCR,2015,,,Labridae
2,Aawa_CHCR,2015,,,Labridae
3,Aawa_CHCR,2015,,,Labridae
4,Aawa_CHCR,2015,,,Labridae
1,Aawa_CHCR,2016,,,Labridae
2,Aawa_CHCR,2016,,,Labridae
3,Aawa_CHCR,2016,,,Labridae
4,Aawa_CHCR,2016,,,Labridae
1,Ahaaha_CHCR,2012,,,Belonidea
2,Ahaaha_CHCR,2012,,,Belonidea
3,Ahaaha_CHCR,2012,,,Belonidea
4,Ahaaha_CHCR,2012,,,Belonidea
1,Ahaaha_CHCR,2013,,,Belonidea
2,Ahaaha_CHCR,2013,,,Belonidea
3,Ahaaha_CHCR,2013,,,Belonidea
4,Ahaaha_CHCR,2013,,,Belonidea
1,Ahaaha_CHCR,2014,,,Belonidea
2,Ahaaha_CHCR,2014,,,Belonidea
3,Ahaaha_CHCR,2014,,,Belonidea
4,Ahaaha_CHCR,2014,,,Belonidea
1,Ahaaha_CHCR,2015,,,Belonidea
2,Ahaaha_CHCR,2015,,,Belonidea
3,Ahaaha_CHCR,2015,,,Belonidea
4,Ahaaha_CHCR,2015,,,Belonidea
1,Ahaaha_CHCR,2016,,,Belonidea
2,Ahaaha_CHCR,2016,,,Belonidea
3,Ahaaha_CHCR,2016,,,Belonidea
4,Ahaaha_CHCR,2016,,,Belonidea
1,Aholehole_CHCR,2012,,,Kuhliidae
2,Aholehole_CHCR,2012,,,Kuhliidae
3,Aholehole_CHCR,2012,,,Kuhliidae
4,Aholehole_CHCR,2012,,,Kuhliidae
1,Aholehole_CHCR,2013,,,Kuhliidae
2,Aholehole_CHCR,2013,,,Kuhliidae
3,Aholehole_CHCR,2013,,,Kuhliidae
4,Aholehole_CHCR,2013,,,Kuhliidae
1,Aholehole_CHCR,2014,,,Kuhliidae
2,Aholehole_CHCR,2014,,,Kuhliidae
3,Aholehole_CHCR,2014,,,Kuhliidae
4,Aholehole_CHCR,2014,,,Kuhliidae
1,Aholehole_CHCR,2015,,,Kuhliidae
2,Aholehole_CHCR,2015,,,Kuhliidae
3,Aholehole_CHCR,2015,,,Kuhliidae
4,Aholehole_CHCR,2015,,,Kuhliidae
1,Aholehole_CHCR,2016,,,Kuhliidae
2,Aholehole_CHCR,2016,,,Kuhliidae
3,Aholehole_CHCR,2016,,,Kuhliidae
4,Aholehole_CHCR,2016,,,Kuhliidae
1,Aku_PMUS,2012,,,Scombridae
2,Aku_PMUS,2012,,,Scombridae
3,Aku_PMUS,2012,,,Scombridae
4,Aku_PMUS,2012,,,Scombridae
1,Aku_PMUS,2013,,,Scombridae
2,Aku_PMUS,2013,,,Scombridae
3,Aku_PMUS,2013,,,Scombridae
4,Aku_PMUS,2013,,,Scombridae
1,Aku_PMUS,2014,,,Scombridae
2,Aku_PMUS,2014,,,Scombridae
3,Aku_PMUS,2014,,,Scombridae
4,Aku_PMUS,2014,,,Scombridae
1,Aku_PMUS,2015,,,Scombridae
2,Aku_PMUS,2015,,,Scombridae
3,Aku_PMUS,2015,,,Scombridae
4,Aku_PMUS,2015,,,Scombridae
1,Aku_PMUS,2016,,,Scombridae
2,Aku_PMUS,2016,,,Scombridae
3,Aku_PMUS,2016,,,Scombridae
4,Aku_PMUS,2016,,,Scombridae
1,Akule_CHCR,2012,,,Carangidae
2,Akule_CHCR,2012,,,Carangidae
3,Akule_CHCR,2012,,,Carangidae
4,Akule_CHCR,2012,,,Carangidae
1,Akule_CHCR,2013,,,Carangidae
2,Akule_CHCR,2013,,,Carangidae
3,Akule_CHCR,2013,,,Carangidae
4,Akule_CHCR,2013,,,Carangidae
1,Akule_CHCR,2014,,,Carangidae
2,Akule_CHCR,2014,,,Carangidae
3,Akule_CHCR,2014,,,Carangidae
4,Akule_CHCR,2014,,,Carangidae
1,Akule_CHCR,2015,,,Carangidae
2,Akule_CHCR,2015,,,Carangidae
3,Akule_CHCR,2015,,,Carangidae
4,Akule_CHCR,2015,,,Carangidae
1,Akule_CHCR,2016,,,Carangidae
2,Akule_CHCR,2016,,,Carangidae
3,Akule_CHCR,2016,,,Carangidae
4,Akule_CHCR,2016,,,Carangidae
1,Alaihe mama_CHCR,2012,,,Holocentridae
2,Alaihe mama_CHCR,2012,,,Holocentridae
3,Alaihe mama_CHCR,2012,,,Holocentridae
4,Alaihe mama_CHCR,2012,,,Holocentridae
1,Alaihe mama_CHCR,2013,,,Holocentridae
2,Alaihe mama_CHCR,2013,,,Holocentridae
3,Alaihe mama_CHCR,2013,,,Holocentridae
4,Alaihe mama_CHCR,2013,,,Holocentridae
1,Alaihe mama_CHCR,2014,,,Holocentridae
2,Alaihe mama_CHCR,2014,,,Holocentridae
3,Alaihe mama_CHCR,2014,,,Holocentridae
4,Alaihe mama_CHCR,2014,,,Holocentridae
1,Alaihe mama_CHCR,2015,,,Holocentridae
2,Alaihe mama_CHCR,2015,,,Holocentridae
3,Alaihe mama_CHCR,2015,,,Holocentridae
4,Alaihe mama_CHCR,2015,,,Holocentridae
1,Alaihe mama_CHCR,2016,,,Holocentridae
2,Alaihe mama_CHCR,2016,,,Holocentridae
3,Alaihe mama_CHCR,2016,,,Holocentridae
4,Alaihe mama_CHCR,2016,,,Holocentridae
1,Alaihe_PMUS,2012,,,Holocentridae
2,Alaihe_PMUS,2012,,,Holocentridae
3,Alaihe_PMUS,2012,,,Holocentridae
4,Alaihe_PMUS,2012,,,Holocentridae
1,Alaihe_PMUS,2013,,,Holocentridae
2,Alaihe_PMUS,2013,,,Holocentridae
3,Alaihe_PMUS,2013,,,Holocentridae
4,Alaihe_PMUS,2013,,,Holocentridae
1,Alaihe_PMUS,2014,,,Holocentridae
2,Alaihe_PMUS,2014,,,Holocentridae
3,Alaihe_PMUS,2014,,,Holocentridae
4,Alaihe_PMUS,2014,,,Holocentridae
1,Alaihe_PMUS,2015,,,Holocentridae
2,Alaihe_PMUS,2015,,,Holocentridae
3,Alaihe_PMUS,2015,,,Holocentridae
4,Alaihe_PMUS,2015,,,Holocentridae
1,Alaihe_PMUS,2016,,,Holocentridae
2,Alaihe_PMUS,2016,,,Holocentridae
3,Alaihe_PMUS,2016,,,Holocentridae
4,Alaihe_PMUS,2016,,,Holocentridae
1,Alfonsin_BMUS,2012,,,Berycidae
2,Alfonsin_BMUS,2012,,,Berycidae
3,Alfonsin_BMUS,2012,,,Berycidae
4,Alfonsin_BMUS,2012,,,Berycidae
1,Alfonsin_BMUS,2013,,,Berycidae
2,Alfonsin_BMUS,2013,,,Berycidae
3,Alfonsin_BMUS,2013,,,Berycidae
4,Alfonsin_BMUS,2013,,,Berycidae
1,Alfonsin_BMUS,2014,,,Berycidae
2,Alfonsin_BMUS,2014,,,Berycidae
3,Alfonsin_BMUS,2014,,,Berycidae
4,Alfonsin_BMUS,2014,,,Berycidae
1,Alfonsin_BMUS,2015,,,Berycidae
2,Alfonsin_BMUS,2015,,,Berycidae
3,Alfonsin_BMUS,2015,,,Berycidae
4,Alfonsin_BMUS,2015,,,Berycidae
1,Alfonsin_BMUS,2016,,,Berycidae
2,Alfonsin_BMUS,2016,,,Berycidae
3,Alfonsin_BMUS,2016,,,Berycidae
4,Alfonsin_BMUS,2016,,,Berycidae
1,Amaama_CHCR,2012,,,Mugilidae
2,Amaama_CHCR,2012,,,Mugilidae
3,Amaama_CHCR,2012,,,Mugilidae
4,Amaama_CHCR,2012,,,Mugilidae
1,Amaama_CHCR,2013,,,Mugilidae
2,Amaama_CHCR,2013,,,Mugilidae
3,Amaama_CHCR,2013,,,Mugilidae
4,Amaama_CHCR,2013,,,Mugilidae
1,Amaama_CHCR,2014,,,Mugilidae
2,Amaama_CHCR,2014,,,Mugilidae
3,Amaama_CHCR,2014,,,Mugilidae
4,Amaama_CHCR,2014,,,Mugilidae
1,Amaama_CHCR,2015,,,Mugilidae
2,Amaama_CHCR,2015,,,Mugilidae
3,Amaama_CHCR,2015,,,Mugilidae
4,Amaama_CHCR,2015,,,Mugilidae
1,Amaama_CHCR,2016,,,Mugilidae
2,Amaama_CHCR,2016,,,Mugilidae
3,Amaama_CHCR,2016,,,Mugilidae
4,Amaama_CHCR,2016,,,Mugilidae
1,Api_CHCR,2012,,,Acanthuridae
2,Api_CHCR,2012,,,Acanthuridae
3,Api_CHCR,2012,,,Acanthuridae
4,Api_CHCR,2012,,,Acanthuridae
1,Api_CHCR,2013,,,Acanthuridae
2,Api_CHCR,2013,,,Acanthuridae
3,Api_CHCR,2013,,,Acanthuridae
4,Api_CHCR,2013,,,Acanthuridae
1,Api_CHCR,2014,,,Acanthuridae
2,Api_CHCR,2014,,,Acanthuridae
3,Api_CHCR,2014,,,Acanthuridae
4,Api_CHCR,2014,,,Acanthuridae
1,Api_CHCR,2015,,,Acanthuridae
2,Api_CHCR,2015,,,Acanthuridae
3,Api_CHCR,2015,,,Acanthuridae
4,Api_CHCR,2015,,,Acanthuridae
1,Api_CHCR,2016,,,Acanthuridae
2,Api_CHCR,2016,,,Acanthuridae
3,Api_CHCR,2016,,,Acanthuridae
4,Api_CHCR,2016,,,Acanthuridae
1,Awa_CHCR,2012,,,Chanidae
2,Awa_CHCR,2012,,,Chanidae
3,Awa_CHCR,2012,,,Chanidae
4,Awa_CHCR,2012,,,Chanidae
1,Awa_CHCR,2013,,,Chanidae
2,Awa_CHCR,2013,,,Chanidae
3,Awa_CHCR,2013,,,Chanidae
4,Awa_CHCR,2013,,,Chanidae
1,Awa_CHCR,2014,,,Chanidae
2,Awa_CHCR,2014,,,Chanidae
3,Awa_CHCR,2014,,,Chanidae
4,Awa_CHCR,2014,,,Chanidae
1,Awa_CHCR,2015,,,Chanidae
2,Awa_CHCR,2015,,,Chanidae
3,Awa_CHCR,2015,,,Chanidae
4,Awa_CHCR,2015,,,Chanidae
1,Awa_CHCR,2016,,,Chanidae
2,Awa_CHCR,2016,,,Chanidae
3,Awa_CHCR,2016,,,Chanidae
4,Awa_CHCR,2016,,,Chanidae
1,Awaawa_CHCR,2012,,,Elopidae
2,Awaawa_CHCR,2012,,,Elopidae
3,Awaawa_CHCR,2012,,,Elopidae
4,Awaawa_CHCR,2012,,,Elopidae
1,Awaawa_CHCR,2013,,,Elopidae
2,Awaawa_CHCR,2013,,,Elopidae
3,Awaawa_CHCR,2013,,,Elopidae
4,Awaawa_CHCR,2013,,,Elopidae
1,Awaawa_CHCR,2014,,,Elopidae
2,Awaawa_CHCR,2014,,,Elopidae
3,Awaawa_CHCR,2014,,,Elopidae
4,Awaawa_CHCR,2014,,,Elopidae
1,Awaawa_CHCR,2015,,,Elopidae
2,Awaawa_CHCR,2015,,,Elopidae
3,Awaawa_CHCR,2015,,,Elopidae
4,Awaawa_CHCR,2015,,,Elopidae
1,Awaawa_CHCR,2016,,,Elopidae
2,Awaawa_CHCR,2016,,,Elopidae
3,Awaawa_CHCR,2016,,,Elopidae
4,Awaawa_CHCR,2016,,,Elopidae
1,Aweoweo (deepsea)_CHCR,2012,,,Priacanthidae
2,Aweoweo (deepsea)_CHCR,2012,,,Priacanthidae
3,Aweoweo (deepsea)_CHCR,2012,,,Priacanthidae
4,Aweoweo (deepsea)_CHCR,2012,,,Priacanthidae
1,Aweoweo (deepsea)_CHCR,2013,,,Priacanthidae
2,Aweoweo (deepsea)_CHCR,2013,,,Priacanthidae
3,Aweoweo (deepsea)_CHCR,2013,,,Priacanthidae
4,Aweoweo (deepsea)_CHCR,2013,,,Priacanthidae
1,Aweoweo (deepsea)_CHCR,2014,,,Priacanthidae
2,Aweoweo (deepsea)_CHCR,2014,,,Priacanthidae
3,Aweoweo (deepsea)_CHCR,2014,,,Priacanthidae
4,Aweoweo (deepsea)_CHCR,2014,,,Priacanthidae
1,Aweoweo (deepsea)_CHCR,2015,,,Priacanthidae
2,Aweoweo (deepsea)_CHCR,2015,,,Priacanthidae
3,Aweoweo (deepsea)_CHCR,2015,,,Priacanthidae
4,Aweoweo (deepsea)_CHCR,2015,,,Priacanthidae
1,Aweoweo (deepsea)_CHCR,2016,,,Priacanthidae
2,Aweoweo (deepsea)_CHCR,2016,,,Priacanthidae
3,Aweoweo (deepsea)_CHCR,2016,,,Priacanthidae
4,Aweoweo (deepsea)_CHCR,2016,,,Priacanthidae
1,Aweoweo_CHCR,2012,,,Priacanthidae
2,Aweoweo_CHCR,2012,,,Priacanthidae
3,Aweoweo_CHCR,2012,,,Priacanthidae
4,Aweoweo_CHCR,2012,,,Priacanthidae
1,Aweoweo_CHCR,2013,,,Priacanthidae
2,Aweoweo_CHCR,2013,,,Priacanthidae
3,Aweoweo_CHCR,2013,,,Priacanthidae
4,Aweoweo_CHCR,2013,,,Priacanthidae
1,Aweoweo_CHCR,2014,,,Priacanthidae
2,Aweoweo_CHCR,2014,,,Priacanthidae
3,Aweoweo_CHCR,2014,,,Priacanthidae
4,Aweoweo_CHCR,2014,,,Priacanthidae
1,Aweoweo_CHCR,2015,,,Priacanthidae
2,Aweoweo_CHCR,2015,,,Priacanthidae
3,Aweoweo_CHCR,2015,,,Priacanthidae
4,Aweoweo_CHCR,2015,,,Priacanthidae
1,Aweoweo_CHCR,2016,,,Priacanthidae
2,Aweoweo_CHCR,2016,,,Priacanthidae
3,Aweoweo_CHCR,2016,,,Priacanthidae
4,Aweoweo_CHCR,2016,,,Priacanthidae
1,Barred jack_CHCR,2012,,,Carangidae
2,Barred jack_CHCR,2012,,,Carangidae
3,Barred jack_CHCR,2012,,,Carangidae
4,Barred jack_CHCR,2012,,,Carangidae
1,Barred jack_CHCR,2013,,,Carangidae
2,Barred jack_CHCR,2013,,,Carangidae
3,Barred jack_CHCR,2013,,,Carangidae
4,Barred jack_CHCR,2013,,,Carangidae
1,Barred jack_CHCR,2014,,,Carangidae
2,Barred jack_CHCR,2014,,,Carangidae
3,Barred jack_CHCR,2014,,,Carangidae
4,Barred jack_CHCR,2014,,,Carangidae
1,Barred jack_CHCR,2015,,,Carangidae
2,Barred jack_CHCR,2015,,,Carangidae
3,Barred jack_CHCR,2015,,,Carangidae
4,Barred jack_CHCR,2015,,,Carangidae
1,Barred jack_CHCR,2016,,,Carangidae
2,Barred jack_CHCR,2016,,,Carangidae
3,Barred jack_CHCR,2016,,,Carangidae
4,Barred jack_CHCR,2016,,,Carangidae
1,Bigeye tuna_PMUS,2012,0.79,SPC,Scombridae
2,Bigeye tuna_PMUS,2012,0.79,SPC,Scombridae
3,Bigeye tuna_PMUS,2012,0.79,SPC,Scombridae
4,Bigeye tuna_PMUS,2012,0.79,SPC,Scombridae
1,Bigeye tuna_PMUS,2013,0.87,regression gap fill,Scombridae
2,Bigeye tuna_PMUS,2013,0.87,regression gap fill,Scombridae
3,Bigeye tuna_PMUS,2013,0.87,regression gap fill,Scombridae
4,Bigeye tuna_PMUS,2013,0.87,regression gap fill,Scombridae
1,Bigeye tuna_PMUS,2014,0.85,regression gap fill,Scombridae
2,Bigeye tuna_PMUS,2014,0.85,regression gap fill,Scombridae
3,Bigeye tuna_PMUS,2014,0.85,regression gap fill,Scombridae
4,Bigeye tuna_PMUS,2014,0.85,regression gap fill,Scombridae
1,Bigeye tuna_PMUS,2015,0.82,regression gap fill,Scombridae
2,Bigeye tuna_PMUS,2015,0.82,regression gap fill,Scombridae
3,Bigeye tuna_PMUS,2015,0.82,regression gap fill,Scombridae
4,Bigeye tuna_PMUS,2015,0.82,regression gap fill,Scombridae
1,Bigeye tuna_PMUS,2016,0.7508,regression gap fill,Scombridae
2,Bigeye tuna_PMUS,2016,0.7508,regression gap fill,Scombridae
3,Bigeye tuna_PMUS,2016,0.7508,regression gap fill,Scombridae
4,Bigeye tuna_PMUS,2016,0.7508,regression gap fill,Scombridae
1,Blue marlin_PMUS,2012,1.18,ICS; http://isc.fra.go.jp/pdf/ISC16/ISC16_Annex_10_Stock%20Assessment%20Update%20for%20Blue%20Marlin%20in%20the%20Pacific%20Ocean%20through%202014%20(ISC%202016).pdf,Istiophoridae
2,Blue marlin_PMUS,2012,1.18,ICS; http://isc.fra.go.jp/pdf/ISC16/ISC16_Annex_10_Stock%20Assessment%20Update%20for%20Blue%20Marlin%20in%20the%20Pacific%20Ocean%20through%202014%20(ISC%202016).pdf,Istiophoridae
3,Blue marlin_PMUS,2012,1.18,ICS; http://isc.fra.go.jp/pdf/ISC16/ISC16_Annex_10_Stock%20Assessment%20Update%20for%20Blue%20Marlin%20in%20the%20Pacific%20Ocean%20through%202014%20(ISC%202016).pdf,Istiophoridae
4,Blue marlin_PMUS,2012,1.18,ICS; http://isc.fra.go.jp/pdf/ISC16/ISC16_Annex_10_Stock%20Assessment%20Update%20for%20Blue%20Marlin%20in%20the%20Pacific%20Ocean%20through%202014%20(ISC%202016).pdf,Istiophoridae
1,Blue marlin_PMUS,2013,1.25,ICS; http://isc.fra.go.jp/pdf/ISC16/ISC16_Annex_10_Stock%20Assessment%20Update%20for%20Blue%20Marlin%20in%20the%20Pacific%20Ocean%20through%202014%20(ISC%202016).pdf,Istiophoridae
2,Blue marlin_PMUS,2013,1.25,ICS; http://isc.fra.go.jp/pdf/ISC16/ISC16_Annex_10_Stock%20Assessment%20Update%20for%20Blue%20Marlin%20in%20the%20Pacific%20Ocean%20through%202014%20(ISC%202016).pdf,Istiophoridae
3,Blue marlin_PMUS,2013,1.25,ICS; http://isc.fra.go.jp/pdf/ISC16/ISC16_Annex_10_Stock%20Assessment%20Update%20for%20Blue%20Marlin%20in%20the%20Pacific%20Ocean%20through%202014%20(ISC%202016).pdf,Istiophoridae
4,Blue marlin_PMUS,2013,1.25,ICS; http://isc.fra.go.jp/pdf/ISC16/ISC16_Annex_10_Stock%20Assessment%20Update%20for%20Blue%20Marlin%20in%20the%20Pacific%20Ocean%20through%202014%20(ISC%202016).pdf,Istiophoridae
1,Blue marlin_PMUS,2014,1.25,ICS; http://isc.fra.go.jp/pdf/ISC16/ISC16_Annex_10_Stock%20Assessment%20Update%20for%20Blue%20Marlin%20in%20the%20Pacific%20Ocean%20through%202014%20(ISC%202016).pdf,Istiophoridae
2,Blue marlin_PMUS,2014,1.25,ICS; http://isc.fra.go.jp/pdf/ISC16/ISC16_Annex_10_Stock%20Assessment%20Update%20for%20Blue%20Marlin%20in%20the%20Pacific%20Ocean%20through%202014%20(ISC%202016).pdf,Istiophoridae
3,Blue marlin_PMUS,2014,1.25,ICS; http://isc.fra.go.jp/pdf/ISC16/ISC16_Annex_10_Stock%20Assessment%20Update%20for%20Blue%20Marlin%20in%20the%20Pacific%20Ocean%20through%202014%20(ISC%202016).pdf,Istiophoridae
4,Blue marlin_PMUS,2014,1.25,ICS; http://isc.fra.go.jp/pdf/ISC16/ISC16_Annex_10_Stock%20Assessment%20Update%20for%20Blue%20Marlin%20in%20the%20Pacific%20Ocean%20through%202014%20(ISC%202016).pdf,Istiophoridae
1,Blue marlin_PMUS,2015,1.263,regression gap fill,Istiophoridae
2,Blue marlin_PMUS,2015,1.263,regression gap fill,Istiophoridae
3,Blue marlin_PMUS,2015,1.263,regression gap fill,Istiophoridae
4,Blue marlin_PMUS,2015,1.263,regression gap fill,Istiophoridae
1,Blue marlin_PMUS,2016,1.283,regression gap fill,Istiophoridae
2,Blue marlin_PMUS,2016,1.283,regression gap fill,Istiophoridae
3,Blue marlin_PMUS,2016,1.283,regression gap fill,Istiophoridae
4,Blue marlin_PMUS,2016,1.283,regression gap fill,Istiophoridae
1,Blue shark_PMUS,2012,,,Carcharhinidae
2,Blue shark_PMUS,2012,,,Carcharhinidae
3,Blue shark_PMUS,2012,,,Carcharhinidae
4,Blue shark_PMUS,2012,,,Carcharhinidae
1,Blue shark_PMUS,2013,,,Carcharhinidae
2,Blue shark_PMUS,2013,,,Carcharhinidae
3,Blue shark_PMUS,2013,,,Carcharhinidae
4,Blue shark_PMUS,2013,,,Carcharhinidae
1,Blue shark_PMUS,2014,,,Carcharhinidae
2,Blue shark_PMUS,2014,,,Carcharhinidae
3,Blue shark_PMUS,2014,,,Carcharhinidae
4,Blue shark_PMUS,2014,,,Carcharhinidae
1,Blue shark_PMUS,2015,,,Carcharhinidae
2,Blue shark_PMUS,2015,,,Carcharhinidae
3,Blue shark_PMUS,2015,,,Carcharhinidae
4,Blue shark_PMUS,2015,,,Carcharhinidae
1,Blue shark_PMUS,2016,,,Carcharhinidae
2,Blue shark_PMUS,2016,,,Carcharhinidae
3,Blue shark_PMUS,2016,,,Carcharhinidae
4,Blue shark_PMUS,2016,,,Carcharhinidae
1,Butaguchi ulua_BMUS,2012,,,Carangidae
2,Butaguchi ulua_BMUS,2012,,,Carangidae
3,Butaguchi ulua_BMUS,2012,,,Carangidae
4,Butaguchi ulua_BMUS,2012,,,Carangidae
1,Butaguchi ulua_BMUS,2013,,,Carangidae
2,Butaguchi ulua_BMUS,2013,,,Carangidae
3,Butaguchi ulua_BMUS,2013,,,Carangidae
4,Butaguchi ulua_BMUS,2013,,,Carangidae
1,Butaguchi ulua_BMUS,2014,,,Carangidae
2,Butaguchi ulua_BMUS,2014,,,Carangidae
3,Butaguchi ulua_BMUS,2014,,,Carangidae
4,Butaguchi ulua_BMUS,2014,,,Carangidae
1,Butaguchi ulua_BMUS,2015,,,Carangidae
2,Butaguchi ulua_BMUS,2015,,,Carangidae
3,Butaguchi ulua_BMUS,2015,,,Carangidae
4,Butaguchi ulua_BMUS,2015,,,Carangidae
1,Butaguchi ulua_BMUS,2016,,,Carangidae
2,Butaguchi ulua_BMUS,2016,,,Carangidae
3,Butaguchi ulua_BMUS,2016,,,Carangidae
4,Butaguchi ulua_BMUS,2016,,,Carangidae
1,Dobe ulua_CHCR,2012,,,Carangidae
2,Dobe ulua_CHCR,2012,,,Carangidae
3,Dobe ulua_CHCR,2012,,,Carangidae
4,Dobe ulua_CHCR,2012,,,Carangidae
1,Dobe ulua_CHCR,2013,,,Carangidae
2,Dobe ulua_CHCR,2013,,,Carangidae
3,Dobe ulua_CHCR,2013,,,Carangidae
4,Dobe ulua_CHCR,2013,,,Carangidae
1,Dobe ulua_CHCR,2014,,,Carangidae
2,Dobe ulua_CHCR,2014,,,Carangidae
3,Dobe ulua_CHCR,2014,,,Carangidae
4,Dobe ulua_CHCR,2014,,,Carangidae
1,Dobe ulua_CHCR,2015,,,Carangidae
2,Dobe ulua_CHCR,2015,,,Carangidae
3,Dobe ulua_CHCR,2015,,,Carangidae
4,Dobe ulua_CHCR,2015,,,Carangidae
1,Dobe ulua_CHCR,2016,,,Carangidae
2,Dobe ulua_CHCR,2016,,,Carangidae
3,Dobe ulua_CHCR,2016,,,Carangidae
4,Dobe ulua_CHCR,2016,,,Carangidae
1,Ea (wrasse)_CHCR,2012,,,Labridae
2,Ea (wrasse)_CHCR,2012,,,Labridae
3,Ea (wrasse)_CHCR,2012,,,Labridae
4,Ea (wrasse)_CHCR,2012,,,Labridae
1,Ea (wrasse)_CHCR,2013,,,Labridae
2,Ea (wrasse)_CHCR,2013,,,Labridae
3,Ea (wrasse)_CHCR,2013,,,Labridae
4,Ea (wrasse)_CHCR,2013,,,Labridae
1,Ea (wrasse)_CHCR,2014,,,Labridae
2,Ea (wrasse)_CHCR,2014,,,Labridae
3,Ea (wrasse)_CHCR,2014,,,Labridae
4,Ea (wrasse)_CHCR,2014,,,Labridae
1,Ea (wrasse)_CHCR,2015,,,Labridae
2,Ea (wrasse)_CHCR,2015,,,Labridae
3,Ea (wrasse)_CHCR,2015,,,Labridae
4,Ea (wrasse)_CHCR,2015,,,Labridae
1,Ea (wrasse)_CHCR,2016,,,Labridae
2,Ea (wrasse)_CHCR,2016,,,Labridae
3,Ea (wrasse)_CHCR,2016,,,Labridae
4,Ea (wrasse)_CHCR,2016,,,Labridae
1,Ehu_BMUS,2012,0.85,NOAA Technical Memorandum NMFS-PIFSC-42 Nov 2014 (http://www.cio.noaa.gov/services_programs/prplans/pdfs/ID309_Hawaiian_Bottomfish_Final_Product.pdf),
2,Ehu_BMUS,2012,0.85,NOAA Technical Memorandum NMFS-PIFSC-42 Nov 2014 (http://www.cio.noaa.gov/services_programs/prplans/pdfs/ID309_Hawaiian_Bottomfish_Final_Product.pdf),
3,Ehu_BMUS,2012,0.85,NOAA Technical Memorandum NMFS-PIFSC-42 Nov 2014 (http://www.cio.noaa.gov/services_programs/prplans/pdfs/ID309_Hawaiian_Bottomfish_Final_Product.pdf),
4,Ehu_BMUS,2012,0.85,NOAA Technical Memorandum NMFS-PIFSC-42 Nov 2014 (http://www.cio.noaa.gov/services_programs/prplans/pdfs/ID309_Hawaiian_Bottomfish_Final_Product.pdf),
1,Ehu_BMUS,2013,0.86,NOAA Technical Memorandum NMFS-PIFSC-42 Nov 2014 (http://www.cio.noaa.gov/services_programs/prplans/pdfs/ID309_Hawaiian_Bottomfish_Final_Product.pdf),
2,Ehu_BMUS,2013,0.86,NOAA Technical Memorandum NMFS-PIFSC-42 Nov 2014 (http://www.cio.noaa.gov/services_programs/prplans/pdfs/ID309_Hawaiian_Bottomfish_Final_Product.pdf),
3,Ehu_BMUS,2013,0.86,NOAA Technical Memorandum NMFS-PIFSC-42 Nov 2014 (http://www.cio.noaa.gov/services_programs/prplans/pdfs/ID309_Hawaiian_Bottomfish_Final_Product.pdf),
4,Ehu_BMUS,2013,0.86,NOAA Technical Memorandum NMFS-PIFSC-42 Nov 2014 (http://www.cio.noaa.gov/services_programs/prplans/pdfs/ID309_Hawaiian_Bottomfish_Final_Product.pdf),
1,Ehu_BMUS,2014,0.83,ten year average,
2,Ehu_BMUS,2014,0.83,ten year average,
3,Ehu_BMUS,2014,0.83,ten year average,
4,Ehu_BMUS,2014,0.83,ten year average,
1,Ehu_BMUS,2015,0.83,ten year average,
2,Ehu_BMUS,2015,0.83,ten year average,
3,Ehu_BMUS,2015,0.83,ten year average,
4,Ehu_BMUS,2015,0.83,ten year average,
1,Ehu_BMUS,2016,0.83,ten year average,
2,Ehu_BMUS,2016,0.83,ten year average,
3,Ehu_BMUS,2016,0.83,ten year average,
4,Ehu_BMUS,2016,0.83,ten year average,
1,Gindai_BMUS,2012,0.85,NOAA Technical Memorandum NMFS-PIFSC-42 Nov 2014 (http://www.cio.noaa.gov/services_programs/prplans/pdfs/ID309_Hawaiian_Bottomfish_Final_Product.pdf),
2,Gindai_BMUS,2012,0.85,NOAA Technical Memorandum NMFS-PIFSC-42 Nov 2014 (http://www.cio.noaa.gov/services_programs/prplans/pdfs/ID309_Hawaiian_Bottomfish_Final_Product.pdf),
3,Gindai_BMUS,2012,0.85,NOAA Technical Memorandum NMFS-PIFSC-42 Nov 2014 (http://www.cio.noaa.gov/services_programs/prplans/pdfs/ID309_Hawaiian_Bottomfish_Final_Product.pdf),
4,Gindai_BMUS,2012,0.85,NOAA Technical Memorandum NMFS-PIFSC-42 Nov 2014 (http://www.cio.noaa.gov/services_programs/prplans/pdfs/ID309_Hawaiian_Bottomfish_Final_Product.pdf),
1,Gindai_BMUS,2013,0.86,NOAA Technical Memorandum NMFS-PIFSC-42 Nov 2014 (http://www.cio.noaa.gov/services_programs/prplans/pdfs/ID309_Hawaiian_Bottomfish_Final_Product.pdf),
2,Gindai_BMUS,2013,0.86,NOAA Technical Memorandum NMFS-PIFSC-42 Nov 2014 (http://www.cio.noaa.gov/services_programs/prplans/pdfs/ID309_Hawaiian_Bottomfish_Final_Product.pdf),
3,Gindai_BMUS,2013,0.86,NOAA Technical Memorandum NMFS-PIFSC-42 Nov 2014 (http://www.cio.noaa.gov/services_programs/prplans/pdfs/ID309_Hawaiian_Bottomfish_Final_Product.pdf),
4,Gindai_BMUS,2013,0.86,NOAA Technical Memorandum NMFS-PIFSC-42 Nov 2014 (http://www.cio.noaa.gov/services_programs/prplans/pdfs/ID309_Hawaiian_Bottomfish_Final_Product.pdf),
1,Gindai_BMUS,2014,0.83,ten year average,
2,Gindai_BMUS,2014,0.83,ten year average,
3,Gindai_BMUS,2014,0.83,ten year average,
4,Gindai_BMUS,2014,0.83,ten year average,
1,Gindai_BMUS,2015,0.83,ten year average,
2,Gindai_BMUS,2015,0.83,ten year average,
3,Gindai_BMUS,2015,0.83,ten year average,
4,Gindai_BMUS,2015,0.83,ten year average,
1,Gindai_BMUS,2016,0.83,ten year average,
2,Gindai_BMUS,2016,0.83,ten year average,
3,Gindai_BMUS,2016,0.83,ten year average,
4,Gindai_BMUS,2016,0.83,ten year average,
1,Golden kali_CHCR,2012,,,Emmelichthyidae
2,Golden kali_CHCR,2012,,,Emmelichthyidae
3,Golden kali_CHCR,2012,,,Emmelichthyidae
4,Golden kali_CHCR,2012,,,Emmelichthyidae
1,Golden kali_CHCR,2013,,,Emmelichthyidae
2,Golden kali_CHCR,2013,,,Emmelichthyidae
3,Golden kali_CHCR,2013,,,Emmelichthyidae
4,Golden kali_CHCR,2013,,,Emmelichthyidae
1,Golden kali_CHCR,2014,,,Emmelichthyidae
2,Golden kali_CHCR,2014,,,Emmelichthyidae
3,Golden kali_CHCR,2014,,,Emmelichthyidae
4,Golden kali_CHCR,2014,,,Emmelichthyidae
1,Golden kali_CHCR,2015,,,Emmelichthyidae
2,Golden kali_CHCR,2015,,,Emmelichthyidae
3,Golden kali_CHCR,2015,,,Emmelichthyidae
4,Golden kali_CHCR,2015,,,Emmelichthyidae
1,Golden kali_CHCR,2016,,,Emmelichthyidae
2,Golden kali_CHCR,2016,,,Emmelichthyidae
3,Golden kali_CHCR,2016,,,Emmelichthyidae
4,Golden kali_CHCR,2016,,,Emmelichthyidae
1,Gunkan ulua_BMUS,2012,,,Carangidae
2,Gunkan ulua_BMUS,2012,,,Carangidae
3,Gunkan ulua_BMUS,2012,,,Carangidae
4,Gunkan ulua_BMUS,2012,,,Carangidae
1,Gunkan ulua_BMUS,2013,,,Carangidae
2,Gunkan ulua_BMUS,2013,,,Carangidae
3,Gunkan ulua_BMUS,2013,,,Carangidae
4,Gunkan ulua_BMUS,2013,,,Carangidae
1,Gunkan ulua_BMUS,2014,,,Carangidae
2,Gunkan ulua_BMUS,2014,,,Carangidae
3,Gunkan ulua_BMUS,2014,,,Carangidae
4,Gunkan ulua_BMUS,2014,,,Carangidae
1,Gunkan ulua_BMUS,2015,,,Carangidae
2,Gunkan ulua_BMUS,2015,,,Carangidae
3,Gunkan ulua_BMUS,2015,,,Carangidae
4,Gunkan ulua_BMUS,2015,,,Carangidae
1,Gunkan ulua_BMUS,2016,,,Carangidae
2,Gunkan ulua_BMUS,2016,,,Carangidae
3,Gunkan ulua_BMUS,2016,,,Carangidae
4,Gunkan ulua_BMUS,2016,,,Carangidae
1,Hahalalu_CHCR,2012,,,Carangidae
2,Hahalalu_CHCR,2012,,,Carangidae
3,Hahalalu_CHCR,2012,,,Carangidae
4,Hahalalu_CHCR,2012,,,Carangidae
1,Hahalalu_CHCR,2013,,,Carangidae
2,Hahalalu_CHCR,2013,,,Carangidae
3,Hahalalu_CHCR,2013,,,Carangidae
4,Hahalalu_CHCR,2013,,,Carangidae
1,Hahalalu_CHCR,2014,,,Carangidae
2,Hahalalu_CHCR,2014,,,Carangidae
3,Hahalalu_CHCR,2014,,,Carangidae
4,Hahalalu_CHCR,2014,,,Carangidae
1,Hahalalu_CHCR,2015,,,Carangidae
2,Hahalalu_CHCR,2015,,,Carangidae
3,Hahalalu_CHCR,2015,,,Carangidae
4,Hahalalu_CHCR,2015,,,Carangidae
1,Hahalalu_CHCR,2016,,,Carangidae
2,Hahalalu_CHCR,2016,,,Carangidae
3,Hahalalu_CHCR,2016,,,Carangidae
4,Hahalalu_CHCR,2016,,,Carangidae
1,Hapuupuu_BMUS,2012,0.85,NOAA Technical Memorandum NMFS-PIFSC-42 Nov 2014 (http://www.cio.noaa.gov/services_programs/prplans/pdfs/ID309_Hawaiian_Bottomfish_Final_Product.pdf),
2,Hapuupuu_BMUS,2012,0.85,NOAA Technical Memorandum NMFS-PIFSC-42 Nov 2014 (http://www.cio.noaa.gov/services_programs/prplans/pdfs/ID309_Hawaiian_Bottomfish_Final_Product.pdf),
3,Hapuupuu_BMUS,2012,0.85,NOAA Technical Memorandum NMFS-PIFSC-42 Nov 2014 (http://www.cio.noaa.gov/services_programs/prplans/pdfs/ID309_Hawaiian_Bottomfish_Final_Product.pdf),
4,Hapuupuu_BMUS,2012,0.85,NOAA Technical Memorandum NMFS-PIFSC-42 Nov 2014 (http://www.cio.noaa.gov/services_programs/prplans/pdfs/ID309_Hawaiian_Bottomfish_Final_Product.pdf),
1,Hapuupuu_BMUS,2013,0.86,NOAA Technical Memorandum NMFS-PIFSC-42 Nov 2014 (http://www.cio.noaa.gov/services_programs/prplans/pdfs/ID309_Hawaiian_Bottomfish_Final_Product.pdf),
2,Hapuupuu_BMUS,2013,0.86,NOAA Technical Memorandum NMFS-PIFSC-42 Nov 2014 (http://www.cio.noaa.gov/services_programs/prplans/pdfs/ID309_Hawaiian_Bottomfish_Final_Product.pdf),
3,Hapuupuu_BMUS,2013,0.86,NOAA Technical Memorandum NMFS-PIFSC-42 Nov 2014 (http://www.cio.noaa.gov/services_programs/prplans/pdfs/ID309_Hawaiian_Bottomfish_Final_Product.pdf),
4,Hapuupuu_BMUS,2013,0.86,NOAA Technical Memorandum NMFS-PIFSC-42 Nov 2014 (http://www.cio.noaa.gov/services_programs/prplans/pdfs/ID309_Hawaiian_Bottomfish_Final_Product.pdf),
1,Hapuupuu_BMUS,2014,0.83,ten year average,
2,Hapuupuu_BMUS,2014,0.83,ten year average,
3,Hapuupuu_BMUS,2014,0.83,ten year average,
4,Hapuupuu_BMUS,2014,0.83,ten year average,
1,Hapuupuu_BMUS,2015,0.83,ten year average,
2,Hapuupuu_BMUS,2015,0.83,ten year average,
3,Hapuupuu_BMUS,2015,0.83,ten year average,
4,Hapuupuu_BMUS,2015,0.83,ten year average,
1,Hapuupuu_BMUS,2016,0.83,ten year average,
2,Hapuupuu_BMUS,2016,0.83,ten year average,
3,Hapuupuu_BMUS,2016,0.83,ten year average,
4,Hapuupuu_BMUS,2016,0.83,ten year average,
1,Hauliuli_CHCR,2012,,,Gempylidae
2,Hauliuli_CHCR,2012,,,Gempylidae
3,Hauliuli_CHCR,2012,,,Gempylidae
4,Hauliuli_CHCR,2012,,,Gempylidae
1,Hauliuli_CHCR,2013,,,Gempylidae
2,Hauliuli_CHCR,2013,,,Gempylidae
3,Hauliuli_CHCR,2013,,,Gempylidae
4,Hauliuli_CHCR,2013,,,Gempylidae
1,Hauliuli_CHCR,2014,,,Gempylidae
2,Hauliuli_CHCR,2014,,,Gempylidae
3,Hauliuli_CHCR,2014,,,Gempylidae
4,Hauliuli_CHCR,2014,,,Gempylidae
1,Hauliuli_CHCR,2015,,,Gempylidae
2,Hauliuli_CHCR,2015,,,Gempylidae
3,Hauliuli_CHCR,2015,,,Gempylidae
4,Hauliuli_CHCR,2015,,,Gempylidae
1,Hauliuli_CHCR,2016,,,Gempylidae
2,Hauliuli_CHCR,2016,,,Gempylidae
3,Hauliuli_CHCR,2016,,,Gempylidae
4,Hauliuli_CHCR,2016,,,Gempylidae
1,Hinalea_CHCR,2012,,,Labridae
2,Hinalea_CHCR,2012,,,Labridae
3,Hinalea_CHCR,2012,,,Labridae
4,Hinalea_CHCR,2012,,,Labridae
1,Hinalea_CHCR,2013,,,Labridae
2,Hinalea_CHCR,2013,,,Labridae
3,Hinalea_CHCR,2013,,,Labridae
4,Hinalea_CHCR,2013,,,Labridae
1,Hinalea_CHCR,2014,,,Labridae
2,Hinalea_CHCR,2014,,,Labridae
3,Hinalea_CHCR,2014,,,Labridae
4,Hinalea_CHCR,2014,,,Labridae
1,Hinalea_CHCR,2015,,,Labridae
2,Hinalea_CHCR,2015,,,Labridae
3,Hinalea_CHCR,2015,,,Labridae
4,Hinalea_CHCR,2015,,,Labridae
1,Hinalea_CHCR,2016,,,Labridae
2,Hinalea_CHCR,2016,,,Labridae
3,Hinalea_CHCR,2016,,,Labridae
4,Hinalea_CHCR,2016,,,Labridae
1,Hogo_CHCR,2012,,,Scorpaenidae
2,Hogo_CHCR,2012,,,Scorpaenidae
3,Hogo_CHCR,2012,,,Scorpaenidae
4,Hogo_CHCR,2012,,,Scorpaenidae
1,Hogo_CHCR,2013,,,Scorpaenidae
2,Hogo_CHCR,2013,,,Scorpaenidae
3,Hogo_CHCR,2013,,,Scorpaenidae
4,Hogo_CHCR,2013,,,Scorpaenidae
1,Hogo_CHCR,2014,,,Scorpaenidae
2,Hogo_CHCR,2014,,,Scorpaenidae
3,Hogo_CHCR,2014,,,Scorpaenidae
4,Hogo_CHCR,2014,,,Scorpaenidae
1,Hogo_CHCR,2015,,,Scorpaenidae
2,Hogo_CHCR,2015,,,Scorpaenidae
3,Hogo_CHCR,2015,,,Scorpaenidae
4,Hogo_CHCR,2015,,,Scorpaenidae
1,Hogo_CHCR,2016,,,Scorpaenidae
2,Hogo_CHCR,2016,,,Scorpaenidae
3,Hogo_CHCR,2016,,,Scorpaenidae
4,Hogo_CHCR,2016,,,Scorpaenidae
1,Humuhumu_CHCR,2012,,,Balistidae
2,Humuhumu_CHCR,2012,,,Balistidae
3,Humuhumu_CHCR,2012,,,Balistidae
4,Humuhumu_CHCR,2012,,,Balistidae
1,Humuhumu_CHCR,2013,,,Balistidae
2,Humuhumu_CHCR,2013,,,Balistidae
3,Humuhumu_CHCR,2013,,,Balistidae
4,Humuhumu_CHCR,2013,,,Balistidae
1,Humuhumu_CHCR,2014,,,Balistidae
2,Humuhumu_CHCR,2014,,,Balistidae
3,Humuhumu_CHCR,2014,,,Balistidae
4,Humuhumu_CHCR,2014,,,Balistidae
1,Humuhumu_CHCR,2015,,,Balistidae
2,Humuhumu_CHCR,2015,,,Balistidae
3,Humuhumu_CHCR,2015,,,Balistidae
4,Humuhumu_CHCR,2015,,,Balistidae
1,Humuhumu_CHCR,2016,,,Balistidae
2,Humuhumu_CHCR,2016,,,Balistidae
3,Humuhumu_CHCR,2016,,,Balistidae
4,Humuhumu_CHCR,2016,,,Balistidae
1,Iheihe_CHCR,2012,,,Hemiramphidae
2,Iheihe_CHCR,2012,,,Hemiramphidae
3,Iheihe_CHCR,2012,,,Hemiramphidae
4,Iheihe_CHCR,2012,,,Hemiramphidae
1,Iheihe_CHCR,2013,,,Hemiramphidae
2,Iheihe_CHCR,2013,,,Hemiramphidae
3,Iheihe_CHCR,2013,,,Hemiramphidae
4,Iheihe_CHCR,2013,,,Hemiramphidae
1,Iheihe_CHCR,2014,,,Hemiramphidae
2,Iheihe_CHCR,2014,,,Hemiramphidae
3,Iheihe_CHCR,2014,,,Hemiramphidae
4,Iheihe_CHCR,2014,,,Hemiramphidae
1,Iheihe_CHCR,2015,,,Hemiramphidae
2,Iheihe_CHCR,2015,,,Hemiramphidae
3,Iheihe_CHCR,2015,,,Hemiramphidae
4,Iheihe_CHCR,2015,,,Hemiramphidae
1,Iheihe_CHCR,2016,,,Hemiramphidae
2,Iheihe_CHCR,2016,,,Hemiramphidae
3,Iheihe_CHCR,2016,,,Hemiramphidae
4,Iheihe_CHCR,2016,,,Hemiramphidae
1,Kagami ulua_CHCR,2012,,,Carangidae
2,Kagami ulua_CHCR,2012,,,Carangidae
3,Kagami ulua_CHCR,2012,,,Carangidae
4,Kagami ulua_CHCR,2012,,,Carangidae
1,Kagami ulua_CHCR,2013,,,Carangidae
2,Kagami ulua_CHCR,2013,,,Carangidae
3,Kagami ulua_CHCR,2013,,,Carangidae
4,Kagami ulua_CHCR,2013,,,Carangidae
1,Kagami ulua_CHCR,2014,,,Carangidae
2,Kagami ulua_CHCR,2014,,,Carangidae
3,Kagami ulua_CHCR,2014,,,Carangidae
4,Kagami ulua_CHCR,2014,,,Carangidae
1,Kagami ulua_CHCR,2015,,,Carangidae
2,Kagami ulua_CHCR,2015,,,Carangidae
3,Kagami ulua_CHCR,2015,,,Carangidae
4,Kagami ulua_CHCR,2015,,,Carangidae
1,Kagami ulua_CHCR,2016,,,Carangidae
2,Kagami ulua_CHCR,2016,,,Carangidae
3,Kagami ulua_CHCR,2016,,,Carangidae
4,Kagami ulua_CHCR,2016,,,Carangidae
1,Kahala_BMUS,2012,,,Carangidae
2,Kahala_BMUS,2012,,,Carangidae
3,Kahala_BMUS,2012,,,Carangidae
4,Kahala_BMUS,2012,,,Carangidae
1,Kahala_BMUS,2013,,,Carangidae
2,Kahala_BMUS,2013,,,Carangidae
3,Kahala_BMUS,2013,,,Carangidae
4,Kahala_BMUS,2013,,,Carangidae
1,Kahala_BMUS,2014,,,Carangidae
2,Kahala_BMUS,2014,,,Carangidae
3,Kahala_BMUS,2014,,,Carangidae
4,Kahala_BMUS,2014,,,Carangidae
1,Kahala_BMUS,2015,,,Carangidae
2,Kahala_BMUS,2015,,,Carangidae
3,Kahala_BMUS,2015,,,Carangidae
4,Kahala_BMUS,2015,,,Carangidae
1,Kahala_BMUS,2016,,,Carangidae
2,Kahala_BMUS,2016,,,Carangidae
3,Kahala_BMUS,2016,,,Carangidae
4,Kahala_BMUS,2016,,,Carangidae
1,Kaku_CHCR,2012,,,Sphyraenidae
2,Kaku_CHCR,2012,,,Sphyraenidae
3,Kaku_CHCR,2012,,,Sphyraenidae
4,Kaku_CHCR,2012,,,Sphyraenidae
1,Kaku_CHCR,2013,,,Sphyraenidae
2,Kaku_CHCR,2013,,,Sphyraenidae
3,Kaku_CHCR,2013,,,Sphyraenidae
4,Kaku_CHCR,2013,,,Sphyraenidae
1,Kaku_CHCR,2014,,,Sphyraenidae
2,Kaku_CHCR,2014,,,Sphyraenidae
3,Kaku_CHCR,2014,,,Sphyraenidae
4,Kaku_CHCR,2014,,,Sphyraenidae
1,Kaku_CHCR,2015,,,Sphyraenidae
2,Kaku_CHCR,2015,,,Sphyraenidae
3,Kaku_CHCR,2015,,,Sphyraenidae
4,Kaku_CHCR,2015,,,Sphyraenidae
1,Kaku_CHCR,2016,,,Sphyraenidae
2,Kaku_CHCR,2016,,,Sphyraenidae
3,Kaku_CHCR,2016,,,Sphyraenidae
4,Kaku_CHCR,2016,,,Sphyraenidae
1,Kala_CHCR,2012,0.47,,
1,Kala_CHCR,2012,0.1,,
2,Kala_CHCR,2012,0.47,,
2,Kala_CHCR,2012,0.1,,
3,Kala_CHCR,2012,0.47,,
3,Kala_CHCR,2012,0.1,,
4,Kala_CHCR,2012,0.47,,
4,Kala_CHCR,2012,0.1,,
1,Kala_CHCR,2013,0.47,,
1,Kala_CHCR,2013,0.1,,
2,Kala_CHCR,2013,0.47,,
2,Kala_CHCR,2013,0.1,,
3,Kala_CHCR,2013,0.47,,
3,Kala_CHCR,2013,0.1,,
4,Kala_CHCR,2013,0.47,,
4,Kala_CHCR,2013,0.1,,
1,Kala_CHCR,2014,0.47,,
1,Kala_CHCR,2014,0.1,,
2,Kala_CHCR,2014,0.47,,
2,Kala_CHCR,2014,0.1,,
3,Kala_CHCR,2014,0.47,,
3,Kala_CHCR,2014,0.1,,
4,Kala_CHCR,2014,0.47,,
4,Kala_CHCR,2014,0.1,,
1,Kala_CHCR,2015,0.47,,
1,Kala_CHCR,2015,0.1,,
2,Kala_CHCR,2015,0.47,,
2,Kala_CHCR,2015,0.1,,
3,Kala_CHCR,2015,0.47,,
3,Kala_CHCR,2015,0.1,,
4,Kala_CHCR,2015,0.47,,
4,Kala_CHCR,2015,0.1,,
1,Kala_CHCR,2016,0.47,,
1,Kala_CHCR,2016,0.1,,
2,Kala_CHCR,2016,0.47,,
2,Kala_CHCR,2016,0.1,,
3,Kala_CHCR,2016,0.47,,
3,Kala_CHCR,2016,0.1,,
4,Kala_CHCR,2016,0.47,,
4,Kala_CHCR,2016,0.1,,
1,Kalekale_BMUS,2012,0.85,NOAA Technical Memorandum NMFS-PIFSC-42 Nov 2014 (http://www.cio.noaa.gov/services_programs/prplans/pdfs/ID309_Hawaiian_Bottomfish_Final_Product.pdf),
2,Kalekale_BMUS,2012,0.85,NOAA Technical Memorandum NMFS-PIFSC-42 Nov 2014 (http://www.cio.noaa.gov/services_programs/prplans/pdfs/ID309_Hawaiian_Bottomfish_Final_Product.pdf),
3,Kalekale_BMUS,2012,0.85,NOAA Technical Memorandum NMFS-PIFSC-42 Nov 2014 (http://www.cio.noaa.gov/services_programs/prplans/pdfs/ID309_Hawaiian_Bottomfish_Final_Product.pdf),
4,Kalekale_BMUS,2012,0.85,NOAA Technical Memorandum NMFS-PIFSC-42 Nov 2014 (http://www.cio.noaa.gov/services_programs/prplans/pdfs/ID309_Hawaiian_Bottomfish_Final_Product.pdf),
1,Kalekale_BMUS,2013,0.86,NOAA Technical Memorandum NMFS-PIFSC-42 Nov 2014 (http://www.cio.noaa.gov/services_programs/prplans/pdfs/ID309_Hawaiian_Bottomfish_Final_Product.pdf),
2,Kalekale_BMUS,2013,0.86,NOAA Technical Memorandum NMFS-PIFSC-42 Nov 2014 (http://www.cio.noaa.gov/services_programs/prplans/pdfs/ID309_Hawaiian_Bottomfish_Final_Product.pdf),
3,Kalekale_BMUS,2013,0.86,NOAA Technical Memorandum NMFS-PIFSC-42 Nov 2014 (http://www.cio.noaa.gov/services_programs/prplans/pdfs/ID309_Hawaiian_Bottomfish_Final_Product.pdf),
4,Kalekale_BMUS,2013,0.86,NOAA Technical Memorandum NMFS-PIFSC-42 Nov 2014 (http://www.cio.noaa.gov/services_programs/prplans/pdfs/ID309_Hawaiian_Bottomfish_Final_Product.pdf),
1,Kalekale_BMUS,2014,0.83,ten year average,
2,Kalekale_BMUS,2014,0.83,ten year average,
3,Kalekale_BMUS,2014,0.83,ten year average,
4,Kalekale_BMUS,2014,0.83,ten year average,
1,Kalekale_BMUS,2015,0.83,ten year average,
2,Kalekale_BMUS,2015,0.83,ten year average,
3,Kalekale_BMUS,2015,0.83,ten year average,
4,Kalekale_BMUS,2015,0.83,ten year average,
1,Kalekale_BMUS,2016,0.83,ten year average,
2,Kalekale_BMUS,2016,0.83,ten year average,
3,Kalekale_BMUS,2016,0.83,ten year average,
4,Kalekale_BMUS,2016,0.83,ten year average,
1,Kamanu_CHCR,2012,,,Carangidae
2,Kamanu_CHCR,2012,,,Carangidae
3,Kamanu_CHCR,2012,,,Carangidae
4,Kamanu_CHCR,2012,,,Carangidae
1,Kamanu_CHCR,2013,,,Carangidae
2,Kamanu_CHCR,2013,,,Carangidae
3,Kamanu_CHCR,2013,,,Carangidae
4,Kamanu_CHCR,2013,,,Carangidae
1,Kamanu_CHCR,2014,,,Carangidae
2,Kamanu_CHCR,2014,,,Carangidae
3,Kamanu_CHCR,2014,,,Carangidae
4,Kamanu_CHCR,2014,,,Carangidae
1,Kamanu_CHCR,2015,,,Carangidae
2,Kamanu_CHCR,2015,,,Carangidae
3,Kamanu_CHCR,2015,,,Carangidae
4,Kamanu_CHCR,2015,,,Carangidae
1,Kamanu_CHCR,2016,,,Carangidae
2,Kamanu_CHCR,2016,,,Carangidae
3,Kamanu_CHCR,2016,,,Carangidae
4,Kamanu_CHCR,2016,,,Carangidae
1,Kawakawa_CHCR,2012,,,Scombridae
2,Kawakawa_CHCR,2012,,,Scombridae
3,Kawakawa_CHCR,2012,,,Scombridae
4,Kawakawa_CHCR,2012,,,Scombridae
1,Kawakawa_CHCR,2013,,,Scombridae
2,Kawakawa_CHCR,2013,,,Scombridae
3,Kawakawa_CHCR,2013,,,Scombridae
4,Kawakawa_CHCR,2013,,,Scombridae
1,Kawakawa_CHCR,2014,,,Scombridae
2,Kawakawa_CHCR,2014,,,Scombridae
3,Kawakawa_CHCR,2014,,,Scombridae
4,Kawakawa_CHCR,2014,,,Scombridae
1,Kawakawa_CHCR,2015,,,Scombridae
2,Kawakawa_CHCR,2015,,,Scombridae
3,Kawakawa_CHCR,2015,,,Scombridae
4,Kawakawa_CHCR,2015,,,Scombridae
1,Kawakawa_CHCR,2016,,,Scombridae
2,Kawakawa_CHCR,2016,,,Scombridae
3,Kawakawa_CHCR,2016,,,Scombridae
4,Kawakawa_CHCR,2016,,,Scombridae
1,Kawelea_CHCR,2012,,,Sphyraenidae
2,Kawelea_CHCR,2012,,,Sphyraenidae
3,Kawelea_CHCR,2012,,,Sphyraenidae
4,Kawelea_CHCR,2012,,,Sphyraenidae
1,Kawelea_CHCR,2013,,,Sphyraenidae
2,Kawelea_CHCR,2013,,,Sphyraenidae
3,Kawelea_CHCR,2013,,,Sphyraenidae
4,Kawelea_CHCR,2013,,,Sphyraenidae
1,Kawelea_CHCR,2014,,,Sphyraenidae
2,Kawelea_CHCR,2014,,,Sphyraenidae
3,Kawelea_CHCR,2014,,,Sphyraenidae
4,Kawelea_CHCR,2014,,,Sphyraenidae
1,Kawelea_CHCR,2015,,,Sphyraenidae
2,Kawelea_CHCR,2015,,,Sphyraenidae
3,Kawelea_CHCR,2015,,,Sphyraenidae
4,Kawelea_CHCR,2015,,,Sphyraenidae
1,Kawelea_CHCR,2016,,,Sphyraenidae
2,Kawelea_CHCR,2016,,,Sphyraenidae
3,Kawelea_CHCR,2016,,,Sphyraenidae
4,Kawelea_CHCR,2016,,,Sphyraenidae
1,Keokeo_PMUS,2012,,,Scombridae
2,Keokeo_PMUS,2012,,,Scombridae
3,Keokeo_PMUS,2012,,,Scombridae
4,Keokeo_PMUS,2012,,,Scombridae
1,Keokeo_PMUS,2013,,,Scombridae
2,Keokeo_PMUS,2013,,,Scombridae
3,Keokeo_PMUS,2013,,,Scombridae
4,Keokeo_PMUS,2013,,,Scombridae
1,Keokeo_PMUS,2014,,,Scombridae
2,Keokeo_PMUS,2014,,,Scombridae
3,Keokeo_PMUS,2014,,,Scombridae
4,Keokeo_PMUS,2014,,,Scombridae
1,Keokeo_PMUS,2015,,,Scombridae
2,Keokeo_PMUS,2015,,,Scombridae
3,Keokeo_PMUS,2015,,,Scombridae
4,Keokeo_PMUS,2015,,,Scombridae
1,Keokeo_PMUS,2016,,,Scombridae
2,Keokeo_PMUS,2016,,,Scombridae
3,Keokeo_PMUS,2016,,,Scombridae
4,Keokeo_PMUS,2016,,,Scombridae
1,Kole_CHCR,2012,,,Acanthuridae
2,Kole_CHCR,2012,,,Acanthuridae
3,Kole_CHCR,2012,,,Acanthuridae
4,Kole_CHCR,2012,,,Acanthuridae
1,Kole_CHCR,2013,,,Acanthuridae
2,Kole_CHCR,2013,,,Acanthuridae
3,Kole_CHCR,2013,,,Acanthuridae
4,Kole_CHCR,2013,,,Acanthuridae
1,Kole_CHCR,2014,,,Acanthuridae
2,Kole_CHCR,2014,,,Acanthuridae
3,Kole_CHCR,2014,,,Acanthuridae
4,Kole_CHCR,2014,,,Acanthuridae
1,Kole_CHCR,2015,,,Acanthuridae
2,Kole_CHCR,2015,,,Acanthuridae
3,Kole_CHCR,2015,,,Acanthuridae
4,Kole_CHCR,2015,,,Acanthuridae
1,Kole_CHCR,2016,,,Acanthuridae
2,Kole_CHCR,2016,,,Acanthuridae
3,Kole_CHCR,2016,,,Acanthuridae
4,Kole_CHCR,2016,,,Acanthuridae
1,Kumu_CHCR,2012,0.5,,
2,Kumu_CHCR,2012,0.5,,
3,Kumu_CHCR,2012,0.5,,
4,Kumu_CHCR,2012,0.5,,
1,Kumu_CHCR,2013,0.5,,
2,Kumu_CHCR,2013,0.5,,
3,Kumu_CHCR,2013,0.5,,
4,Kumu_CHCR,2013,0.5,,
1,Kumu_CHCR,2014,0.5,,
2,Kumu_CHCR,2014,0.5,,
3,Kumu_CHCR,2014,0.5,,
4,Kumu_CHCR,2014,0.5,,
1,Kumu_CHCR,2015,0.5,,
2,Kumu_CHCR,2015,0.5,,
3,Kumu_CHCR,2015,0.5,,
4,Kumu_CHCR,2015,0.5,,
1,Kumu_CHCR,2016,0.5,,
2,Kumu_CHCR,2016,0.5,,
3,Kumu_CHCR,2016,0.5,,
4,Kumu_CHCR,2016,0.5,,
1,Kupipi_CHCR,2012,,,Pomacentridae
2,Kupipi_CHCR,2012,,,Pomacentridae
3,Kupipi_CHCR,2012,,,Pomacentridae
4,Kupipi_CHCR,2012,,,Pomacentridae
1,Kupipi_CHCR,2013,,,Pomacentridae
2,Kupipi_CHCR,2013,,,Pomacentridae
3,Kupipi_CHCR,2013,,,Pomacentridae
4,Kupipi_CHCR,2013,,,Pomacentridae
1,Kupipi_CHCR,2014,,,Pomacentridae
2,Kupipi_CHCR,2014,,,Pomacentridae
3,Kupipi_CHCR,2014,,,Pomacentridae
4,Kupipi_CHCR,2014,,,Pomacentridae
1,Kupipi_CHCR,2015,,,Pomacentridae
2,Kupipi_CHCR,2015,,,Pomacentridae
3,Kupipi_CHCR,2015,,,Pomacentridae
4,Kupipi_CHCR,2015,,,Pomacentridae
1,Kupipi_CHCR,2016,,,Pomacentridae
2,Kupipi_CHCR,2016,,,Pomacentridae
3,Kupipi_CHCR,2016,,,Pomacentridae
4,Kupipi_CHCR,2016,,,Pomacentridae
1,Kupoupou_CHCR,2012,,,Labridae
2,Kupoupou_CHCR,2012,,,Labridae
3,Kupoupou_CHCR,2012,,,Labridae
4,Kupoupou_CHCR,2012,,,Labridae
1,Kupoupou_CHCR,2013,,,Labridae
2,Kupoupou_CHCR,2013,,,Labridae
3,Kupoupou_CHCR,2013,,,Labridae
4,Kupoupou_CHCR,2013,,,Labridae
1,Kupoupou_CHCR,2014,,,Labridae
2,Kupoupou_CHCR,2014,,,Labridae
3,Kupoupou_CHCR,2014,,,Labridae
4,Kupoupou_CHCR,2014,,,Labridae
1,Kupoupou_CHCR,2015,,,Labridae
2,Kupoupou_CHCR,2015,,,Labridae
3,Kupoupou_CHCR,2015,,,Labridae
4,Kupoupou_CHCR,2015,,,Labridae
1,Kupoupou_CHCR,2016,,,Labridae
2,Kupoupou_CHCR,2016,,,Labridae
3,Kupoupou_CHCR,2016,,,Labridae
4,Kupoupou_CHCR,2016,,,Labridae
1,Lae_CHCR,2012,,,Carangidae
2,Lae_CHCR,2012,,,Carangidae
3,Lae_CHCR,2012,,,Carangidae
4,Lae_CHCR,2012,,,Carangidae
1,Lae_CHCR,2013,,,Carangidae
2,Lae_CHCR,2013,,,Carangidae
3,Lae_CHCR,2013,,,Carangidae
4,Lae_CHCR,2013,,,Carangidae
1,Lae_CHCR,2014,,,Carangidae
2,Lae_CHCR,2014,,,Carangidae
3,Lae_CHCR,2014,,,Carangidae
4,Lae_CHCR,2014,,,Carangidae
1,Lae_CHCR,2015,,,Carangidae
2,Lae_CHCR,2015,,,Carangidae
3,Lae_CHCR,2015,,,Carangidae
4,Lae_CHCR,2015,,,Carangidae
1,Lae_CHCR,2016,,,Carangidae
2,Lae_CHCR,2016,,,Carangidae
3,Lae_CHCR,2016,,,Carangidae
4,Lae_CHCR,2016,,,Carangidae
1,Laenihi_CHCR,2012,,,Labridae
2,Laenihi_CHCR,2012,,,Labridae
3,Laenihi_CHCR,2012,,,Labridae
4,Laenihi_CHCR,2012,,,Labridae
1,Laenihi_CHCR,2013,,,Labridae
2,Laenihi_CHCR,2013,,,Labridae
3,Laenihi_CHCR,2013,,,Labridae
4,Laenihi_CHCR,2013,,,Labridae
1,Laenihi_CHCR,2014,,,Labridae
2,Laenihi_CHCR,2014,,,Labridae
3,Laenihi_CHCR,2014,,,Labridae
4,Laenihi_CHCR,2014,,,Labridae
1,Laenihi_CHCR,2015,,,Labridae
2,Laenihi_CHCR,2015,,,Labridae
3,Laenihi_CHCR,2015,,,Labridae
4,Laenihi_CHCR,2015,,,Labridae
1,Laenihi_CHCR,2016,,,Labridae
2,Laenihi_CHCR,2016,,,Labridae
3,Laenihi_CHCR,2016,,,Labridae
4,Laenihi_CHCR,2016,,,Labridae
1,Lehi_BMUS,2012,0.85,NOAA Technical Memorandum NMFS-PIFSC-42 Nov 2014 (http://www.cio.noaa.gov/services_programs/prplans/pdfs/ID309_Hawaiian_Bottomfish_Final_Product.pdf),
2,Lehi_BMUS,2012,0.85,NOAA Technical Memorandum NMFS-PIFSC-42 Nov 2014 (http://www.cio.noaa.gov/services_programs/prplans/pdfs/ID309_Hawaiian_Bottomfish_Final_Product.pdf),
3,Lehi_BMUS,2012,0.85,NOAA Technical Memorandum NMFS-PIFSC-42 Nov 2014 (http://www.cio.noaa.gov/services_programs/prplans/pdfs/ID309_Hawaiian_Bottomfish_Final_Product.pdf),
4,Lehi_BMUS,2012,0.85,NOAA Technical Memorandum NMFS-PIFSC-42 Nov 2014 (http://www.cio.noaa.gov/services_programs/prplans/pdfs/ID309_Hawaiian_Bottomfish_Final_Product.pdf),
1,Lehi_BMUS,2013,0.86,NOAA Technical Memorandum NMFS-PIFSC-42 Nov 2014 (http://www.cio.noaa.gov/services_programs/prplans/pdfs/ID309_Hawaiian_Bottomfish_Final_Product.pdf),
2,Lehi_BMUS,2013,0.86,NOAA Technical Memorandum NMFS-PIFSC-42 Nov 2014 (http://www.cio.noaa.gov/services_programs/prplans/pdfs/ID309_Hawaiian_Bottomfish_Final_Product.pdf),
3,Lehi_BMUS,2013,0.86,NOAA Technical Memorandum NMFS-PIFSC-42 Nov 2014 (http://www.cio.noaa.gov/services_programs/prplans/pdfs/ID309_Hawaiian_Bottomfish_Final_Product.pdf),
4,Lehi_BMUS,2013,0.86,NOAA Technical Memorandum NMFS-PIFSC-42 Nov 2014 (http://www.cio.noaa.gov/services_programs/prplans/pdfs/ID309_Hawaiian_Bottomfish_Final_Product.pdf),
1,Lehi_BMUS,2014,0.83,ten year average,
2,Lehi_BMUS,2014,0.83,ten year average,
3,Lehi_BMUS,2014,0.83,ten year average,
4,Lehi_BMUS,2014,0.83,ten year average,
1,Lehi_BMUS,2015,0.83,ten year average,
2,Lehi_BMUS,2015,0.83,ten year average,
3,Lehi_BMUS,2015,0.83,ten year average,
4,Lehi_BMUS,2015,0.83,ten year average,
1,Lehi_BMUS,2016,0.83,ten year average,
2,Lehi_BMUS,2016,0.83,ten year average,
3,Lehi_BMUS,2016,0.83,ten year average,
4,Lehi_BMUS,2016,0.83,ten year average,
1,Mahimahi_PMUS,2012,,,Coryphaenidae
2,Mahimahi_PMUS,2012,,,Coryphaenidae
3,Mahimahi_PMUS,2012,,,Coryphaenidae
4,Mahimahi_PMUS,2012,,,Coryphaenidae
1,Mahimahi_PMUS,2013,,,Coryphaenidae
2,Mahimahi_PMUS,2013,,,Coryphaenidae
3,Mahimahi_PMUS,2013,,,Coryphaenidae
4,Mahimahi_PMUS,2013,,,Coryphaenidae
1,Mahimahi_PMUS,2014,,,Coryphaenidae
2,Mahimahi_PMUS,2014,,,Coryphaenidae
3,Mahimahi_PMUS,2014,,,Coryphaenidae
4,Mahimahi_PMUS,2014,,,Coryphaenidae
1,Mahimahi_PMUS,2015,,,Coryphaenidae
2,Mahimahi_PMUS,2015,,,Coryphaenidae
3,Mahimahi_PMUS,2015,,,Coryphaenidae
4,Mahimahi_PMUS,2015,,,Coryphaenidae
1,Mahimahi_PMUS,2016,,,Coryphaenidae
2,Mahimahi_PMUS,2016,,,Coryphaenidae
3,Mahimahi_PMUS,2016,,,Coryphaenidae
4,Mahimahi_PMUS,2016,,,Coryphaenidae
1,Maiko_CHCR,2012,,,Acanthuridae
2,Maiko_CHCR,2012,,,Acanthuridae
3,Maiko_CHCR,2012,,,Acanthuridae
4,Maiko_CHCR,2012,,,Acanthuridae
1,Maiko_CHCR,2013,,,Acanthuridae
2,Maiko_CHCR,2013,,,Acanthuridae
3,Maiko_CHCR,2013,,,Acanthuridae
4,Maiko_CHCR,2013,,,Acanthuridae
1,Maiko_CHCR,2014,,,Acanthuridae
2,Maiko_CHCR,2014,,,Acanthuridae
3,Maiko_CHCR,2014,,,Acanthuridae
4,Maiko_CHCR,2014,,,Acanthuridae
1,Maiko_CHCR,2015,,,Acanthuridae
2,Maiko_CHCR,2015,,,Acanthuridae
3,Maiko_CHCR,2015,,,Acanthuridae
4,Maiko_CHCR,2015,,,Acanthuridae
1,Maiko_CHCR,2016,,,Acanthuridae
2,Maiko_CHCR,2016,,,Acanthuridae
3,Maiko_CHCR,2016,,,Acanthuridae
4,Maiko_CHCR,2016,,,Acanthuridae
1,Mako_PMUS,2012,,,Lamnidae
2,Mako_PMUS,2012,,,Lamnidae
3,Mako_PMUS,2012,,,Lamnidae
4,Mako_PMUS,2012,,,Lamnidae
1,Mako_PMUS,2013,,,Lamnidae
2,Mako_PMUS,2013,,,Lamnidae
3,Mako_PMUS,2013,,,Lamnidae
4,Mako_PMUS,2013,,,Lamnidae
1,Mako_PMUS,2014,,,Lamnidae
2,Mako_PMUS,2014,,,Lamnidae
3,Mako_PMUS,2014,,,Lamnidae
4,Mako_PMUS,2014,,,Lamnidae
1,Mako_PMUS,2015,,,Lamnidae
2,Mako_PMUS,2015,,,Lamnidae
3,Mako_PMUS,2015,,,Lamnidae
4,Mako_PMUS,2015,,,Lamnidae
1,Mako_PMUS,2016,,,Lamnidae
2,Mako_PMUS,2016,,,Lamnidae
3,Mako_PMUS,2016,,,Lamnidae
4,Mako_PMUS,2016,,,Lamnidae
1,Malu_CHCR,2012,,,Mullidae
2,Malu_CHCR,2012,,,Mullidae
3,Malu_CHCR,2012,,,Mullidae
4,Malu_CHCR,2012,,,Mullidae
1,Malu_CHCR,2013,,,Mullidae
2,Malu_CHCR,2013,,,Mullidae
3,Malu_CHCR,2013,,,Mullidae
4,Malu_CHCR,2013,,,Mullidae
1,Malu_CHCR,2014,,,Mullidae
2,Malu_CHCR,2014,,,Mullidae
3,Malu_CHCR,2014,,,Mullidae
4,Malu_CHCR,2014,,,Mullidae
1,Malu_CHCR,2015,,,Mullidae
2,Malu_CHCR,2015,,,Mullidae
3,Malu_CHCR,2015,,,Mullidae
4,Malu_CHCR,2015,,,Mullidae
1,Malu_CHCR,2016,,,Mullidae
2,Malu_CHCR,2016,,,Mullidae
3,Malu_CHCR,2016,,,Mullidae
4,Malu_CHCR,2016,,,Mullidae
1,Manini_CHCR,2012,,,Acanthuridae
2,Manini_CHCR,2012,,,Acanthuridae
3,Manini_CHCR,2012,,,Acanthuridae
4,Manini_CHCR,2012,,,Acanthuridae
1,Manini_CHCR,2013,,,Acanthuridae
2,Manini_CHCR,2013,,,Acanthuridae
3,Manini_CHCR,2013,,,Acanthuridae
4,Manini_CHCR,2013,,,Acanthuridae
1,Manini_CHCR,2014,,,Acanthuridae
2,Manini_CHCR,2014,,,Acanthuridae
3,Manini_CHCR,2014,,,Acanthuridae
4,Manini_CHCR,2014,,,Acanthuridae
1,Manini_CHCR,2015,,,Acanthuridae
2,Manini_CHCR,2015,,,Acanthuridae
3,Manini_CHCR,2015,,,Acanthuridae
4,Manini_CHCR,2015,,,Acanthuridae
1,Manini_CHCR,2016,,,Acanthuridae
2,Manini_CHCR,2016,,,Acanthuridae
3,Manini_CHCR,2016,,,Acanthuridae
4,Manini_CHCR,2016,,,Acanthuridae
1,Maomao_CHCR,2012,,,Pomacentridae
2,Maomao_CHCR,2012,,,Pomacentridae
3,Maomao_CHCR,2012,,,Pomacentridae
4,Maomao_CHCR,2012,,,Pomacentridae
1,Maomao_CHCR,2013,,,Pomacentridae
2,Maomao_CHCR,2013,,,Pomacentridae
3,Maomao_CHCR,2013,,,Pomacentridae
4,Maomao_CHCR,2013,,,Pomacentridae
1,Maomao_CHCR,2014,,,Pomacentridae
2,Maomao_CHCR,2014,,,Pomacentridae
3,Maomao_CHCR,2014,,,Pomacentridae
4,Maomao_CHCR,2014,,,Pomacentridae
1,Maomao_CHCR,2015,,,Pomacentridae
2,Maomao_CHCR,2015,,,Pomacentridae
3,Maomao_CHCR,2015,,,Pomacentridae
4,Maomao_CHCR,2015,,,Pomacentridae
1,Maomao_CHCR,2016,,,Pomacentridae
2,Maomao_CHCR,2016,,,Pomacentridae
3,Maomao_CHCR,2016,,,Pomacentridae
4,Maomao_CHCR,2016,,,Pomacentridae
1,Menpachi_CHCR,2012,1.97,,
2,Menpachi_CHCR,2012,1.97,,
3,Menpachi_CHCR,2012,1.97,,
4,Menpachi_CHCR,2012,1.97,,
1,Menpachi_CHCR,2013,1.97,,
2,Menpachi_CHCR,2013,1.97,,
3,Menpachi_CHCR,2013,1.97,,
4,Menpachi_CHCR,2013,1.97,,
1,Menpachi_CHCR,2014,1.97,,
2,Menpachi_CHCR,2014,1.97,,
3,Menpachi_CHCR,2014,1.97,,
4,Menpachi_CHCR,2014,1.97,,
1,Menpachi_CHCR,2015,1.97,,
2,Menpachi_CHCR,2015,1.97,,
3,Menpachi_CHCR,2015,1.97,,
4,Menpachi_CHCR,2015,1.97,,
1,Menpachi_CHCR,2016,1.97,,
2,Menpachi_CHCR,2016,1.97,,
3,Menpachi_CHCR,2016,1.97,,
4,Menpachi_CHCR,2016,1.97,,
1,Moana kale_CHCR,2012,0.8,,
2,Moana kale_CHCR,2012,0.8,,
3,Moana kale_CHCR,2012,0.8,,
4,Moana kale_CHCR,2012,0.8,,
1,Moana kale_CHCR,2013,0.8,,
2,Moana kale_CHCR,2013,0.8,,
3,Moana kale_CHCR,2013,0.8,,
4,Moana kale_CHCR,2013,0.8,,
1,Moana kale_CHCR,2014,0.8,,
2,Moana kale_CHCR,2014,0.8,,
3,Moana kale_CHCR,2014,0.8,,
4,Moana kale_CHCR,2014,0.8,,
1,Moana kale_CHCR,2015,0.8,,
2,Moana kale_CHCR,2015,0.8,,
3,Moana kale_CHCR,2015,0.8,,
4,Moana kale_CHCR,2015,0.8,,
1,Moana kale_CHCR,2016,0.8,,
2,Moana kale_CHCR,2016,0.8,,
3,Moana kale_CHCR,2016,0.8,,
4,Moana kale_CHCR,2016,0.8,,
1,Moana_CHCR,2012,,,Mullidae
2,Moana_CHCR,2012,,,Mullidae
3,Moana_CHCR,2012,,,Mullidae
4,Moana_CHCR,2012,,,Mullidae
1,Moana_CHCR,2013,,,Mullidae
2,Moana_CHCR,2013,,,Mullidae
3,Moana_CHCR,2013,,,Mullidae
4,Moana_CHCR,2013,,,Mullidae
1,Moana_CHCR,2014,,,Mullidae
2,Moana_CHCR,2014,,,Mullidae
3,Moana_CHCR,2014,,,Mullidae
4,Moana_CHCR,2014,,,Mullidae
1,Moana_CHCR,2015,,,Mullidae
2,Moana_CHCR,2015,,,Mullidae
3,Moana_CHCR,2015,,,Mullidae
4,Moana_CHCR,2015,,,Mullidae
1,Moana_CHCR,2016,,,Mullidae
2,Moana_CHCR,2016,,,Mullidae
3,Moana_CHCR,2016,,,Mullidae
4,Moana_CHCR,2016,,,Mullidae
1,Moi_CHCR,2012,,,Polynemidae
2,Moi_CHCR,2012,,,Polynemidae
3,Moi_CHCR,2012,,,Polynemidae
4,Moi_CHCR,2012,,,Polynemidae
1,Moi_CHCR,2013,,,Polynemidae
2,Moi_CHCR,2013,,,Polynemidae
3,Moi_CHCR,2013,,,Polynemidae
4,Moi_CHCR,2013,,,Polynemidae
1,Moi_CHCR,2014,,,Polynemidae
2,Moi_CHCR,2014,,,Polynemidae
3,Moi_CHCR,2014,,,Polynemidae
4,Moi_CHCR,2014,,,Polynemidae
1,Moi_CHCR,2015,,,Polynemidae
2,Moi_CHCR,2015,,,Polynemidae
3,Moi_CHCR,2015,,,Polynemidae
4,Moi_CHCR,2015,,,Polynemidae
1,Moi_CHCR,2016,,,Polynemidae
2,Moi_CHCR,2016,,,Polynemidae
3,Moi_CHCR,2016,,,Polynemidae
4,Moi_CHCR,2016,,,Polynemidae
1,Monchong_BMUS,2012,,,Bramidae
2,Monchong_BMUS,2012,,,Bramidae
3,Monchong_BMUS,2012,,,Bramidae
4,Monchong_BMUS,2012,,,Bramidae
1,Monchong_BMUS,2013,,,Bramidae
2,Monchong_BMUS,2013,,,Bramidae
3,Monchong_BMUS,2013,,,Bramidae
4,Monchong_BMUS,2013,,,Bramidae
1,Monchong_BMUS,2014,,,Bramidae
2,Monchong_BMUS,2014,,,Bramidae
3,Monchong_BMUS,2014,,,Bramidae
4,Monchong_BMUS,2014,,,Bramidae
1,Monchong_BMUS,2015,,,Bramidae
2,Monchong_BMUS,2015,,,Bramidae
3,Monchong_BMUS,2015,,,Bramidae
4,Monchong_BMUS,2015,,,Bramidae
1,Monchong_BMUS,2016,,,Bramidae
2,Monchong_BMUS,2016,,,Bramidae
3,Monchong_BMUS,2016,,,Bramidae
4,Monchong_BMUS,2016,,,Bramidae
1,Mu_CHCR,2012,1.27,,
2,Mu_CHCR,2012,1.27,,
3,Mu_CHCR,2012,1.27,,
4,Mu_CHCR,2012,1.27,,
1,Mu_CHCR,2013,1.27,,
2,Mu_CHCR,2013,1.27,,
3,Mu_CHCR,2013,1.27,,
4,Mu_CHCR,2013,1.27,,
1,Mu_CHCR,2014,1.27,,
2,Mu_CHCR,2014,1.27,,
3,Mu_CHCR,2014,1.27,,
4,Mu_CHCR,2014,1.27,,
1,Mu_CHCR,2015,1.27,,
2,Mu_CHCR,2015,1.27,,
3,Mu_CHCR,2015,1.27,,
4,Mu_CHCR,2015,1.27,,
1,Mu_CHCR,2016,1.27,,
2,Mu_CHCR,2016,1.27,,
3,Mu_CHCR,2016,1.27,,
4,Mu_CHCR,2016,1.27,,
1,Munu_CHCR,2012,1.9,,
2,Munu_CHCR,2012,1.9,,
3,Munu_CHCR,2012,1.9,,
4,Munu_CHCR,2012,1.9,,
1,Munu_CHCR,2013,1.9,,
2,Munu_CHCR,2013,1.9,,
3,Munu_CHCR,2013,1.9,,
4,Munu_CHCR,2013,1.9,,
1,Munu_CHCR,2014,1.9,,
2,Munu_CHCR,2014,1.9,,
3,Munu_CHCR,2014,1.9,,
4,Munu_CHCR,2014,1.9,,
1,Munu_CHCR,2015,1.9,,
2,Munu_CHCR,2015,1.9,,
3,Munu_CHCR,2015,1.9,,
4,Munu_CHCR,2015,1.9,,
1,Munu_CHCR,2016,1.9,,
2,Munu_CHCR,2016,1.9,,
3,Munu_CHCR,2016,1.9,,
4,Munu_CHCR,2016,1.9,,
1,Naenae_CHCR,2012,,,Acanthuridae
2,Naenae_CHCR,2012,,,Acanthuridae
3,Naenae_CHCR,2012,,,Acanthuridae
4,Naenae_CHCR,2012,,,Acanthuridae
1,Naenae_CHCR,2013,,,Acanthuridae
2,Naenae_CHCR,2013,,,Acanthuridae
3,Naenae_CHCR,2013,,,Acanthuridae
4,Naenae_CHCR,2013,,,Acanthuridae
1,Naenae_CHCR,2014,,,Acanthuridae
2,Naenae_CHCR,2014,,,Acanthuridae
3,Naenae_CHCR,2014,,,Acanthuridae
4,Naenae_CHCR,2014,,,Acanthuridae
1,Naenae_CHCR,2015,,,Acanthuridae
2,Naenae_CHCR,2015,,,Acanthuridae
3,Naenae_CHCR,2015,,,Acanthuridae
4,Naenae_CHCR,2015,,,Acanthuridae
1,Naenae_CHCR,2016,,,Acanthuridae
2,Naenae_CHCR,2016,,,Acanthuridae
3,Naenae_CHCR,2016,,,Acanthuridae
4,Naenae_CHCR,2016,,,Acanthuridae
1,Nenue_CHCR,2012,,,Kyphosidae
2,Nenue_CHCR,2012,,,Kyphosidae
3,Nenue_CHCR,2012,,,Kyphosidae
4,Nenue_CHCR,2012,,,Kyphosidae
1,Nenue_CHCR,2013,,,Kyphosidae
2,Nenue_CHCR,2013,,,Kyphosidae
3,Nenue_CHCR,2013,,,Kyphosidae
4,Nenue_CHCR,2013,,,Kyphosidae
1,Nenue_CHCR,2014,,,Kyphosidae
2,Nenue_CHCR,2014,,,Kyphosidae
3,Nenue_CHCR,2014,,,Kyphosidae
4,Nenue_CHCR,2014,,,Kyphosidae
1,Nenue_CHCR,2015,,,Kyphosidae
2,Nenue_CHCR,2015,,,Kyphosidae
3,Nenue_CHCR,2015,,,Kyphosidae
4,Nenue_CHCR,2015,,,Kyphosidae
1,Nenue_CHCR,2016,,,Kyphosidae
2,Nenue_CHCR,2016,,,Kyphosidae
3,Nenue_CHCR,2016,,,Kyphosidae
4,Nenue_CHCR,2016,,,Kyphosidae
1,Nohu_CHCR,2012,,,Scorpaenidae
2,Nohu_CHCR,2012,,,Scorpaenidae
3,Nohu_CHCR,2012,,,Scorpaenidae
4,Nohu_CHCR,2012,,,Scorpaenidae
1,Nohu_CHCR,2013,,,Scorpaenidae
2,Nohu_CHCR,2013,,,Scorpaenidae
3,Nohu_CHCR,2013,,,Scorpaenidae
4,Nohu_CHCR,2013,,,Scorpaenidae
1,Nohu_CHCR,2014,,,Scorpaenidae
2,Nohu_CHCR,2014,,,Scorpaenidae
3,Nohu_CHCR,2014,,,Scorpaenidae
4,Nohu_CHCR,2014,,,Scorpaenidae
1,Nohu_CHCR,2015,,,Scorpaenidae
2,Nohu_CHCR,2015,,,Scorpaenidae
3,Nohu_CHCR,2015,,,Scorpaenidae
4,Nohu_CHCR,2015,,,Scorpaenidae
1,Nohu_CHCR,2016,,,Scorpaenidae
2,Nohu_CHCR,2016,,,Scorpaenidae
3,Nohu_CHCR,2016,,,Scorpaenidae
4,Nohu_CHCR,2016,,,Scorpaenidae
1,Nunu_CHCR,2012,,,Aulostamidae
2,Nunu_CHCR,2012,,,Aulostamidae
3,Nunu_CHCR,2012,,,Aulostamidae
4,Nunu_CHCR,2012,,,Aulostamidae
1,Nunu_CHCR,2013,,,Aulostamidae
2,Nunu_CHCR,2013,,,Aulostamidae
3,Nunu_CHCR,2013,,,Aulostamidae
4,Nunu_CHCR,2013,,,Aulostamidae
1,Nunu_CHCR,2014,,,Aulostamidae
2,Nunu_CHCR,2014,,,Aulostamidae
3,Nunu_CHCR,2014,,,Aulostamidae
4,Nunu_CHCR,2014,,,Aulostamidae
1,Nunu_CHCR,2015,,,Aulostamidae
2,Nunu_CHCR,2015,,,Aulostamidae
3,Nunu_CHCR,2015,,,Aulostamidae
4,Nunu_CHCR,2015,,,Aulostamidae
1,Nunu_CHCR,2016,,,Aulostamidae
2,Nunu_CHCR,2016,,,Aulostamidae
3,Nunu_CHCR,2016,,,Aulostamidae
4,Nunu_CHCR,2016,,,Aulostamidae
1,Oceanic whitetip_CHCR,2012,,,Carcharhinidae
2,Oceanic whitetip_CHCR,2012,,,Carcharhinidae
3,Oceanic whitetip_CHCR,2012,,,Carcharhinidae
4,Oceanic whitetip_CHCR,2012,,,Carcharhinidae
1,Oceanic whitetip_CHCR,2013,,,Carcharhinidae
2,Oceanic whitetip_CHCR,2013,,,Carcharhinidae
3,Oceanic whitetip_CHCR,2013,,,Carcharhinidae
4,Oceanic whitetip_CHCR,2013,,,Carcharhinidae
1,Oceanic whitetip_CHCR,2014,,,Carcharhinidae
2,Oceanic whitetip_CHCR,2014,,,Carcharhinidae
3,Oceanic whitetip_CHCR,2014,,,Carcharhinidae
4,Oceanic whitetip_CHCR,2014,,,Carcharhinidae
1,Oceanic whitetip_CHCR,2015,,,Carcharhinidae
2,Oceanic whitetip_CHCR,2015,,,Carcharhinidae
3,Oceanic whitetip_CHCR,2015,,,Carcharhinidae
4,Oceanic whitetip_CHCR,2015,,,Carcharhinidae
1,Oceanic whitetip_CHCR,2016,,,Carcharhinidae
2,Oceanic whitetip_CHCR,2016,,,Carcharhinidae
3,Oceanic whitetip_CHCR,2016,,,Carcharhinidae
4,Oceanic whitetip_CHCR,2016,,,Carcharhinidae
1,Oio_CHCR,2012,,,Albulidae
2,Oio_CHCR,2012,,,Albulidae
3,Oio_CHCR,2012,,,Albulidae
4,Oio_CHCR,2012,,,Albulidae
1,Oio_CHCR,2013,,,Albulidae
2,Oio_CHCR,2013,,,Albulidae
3,Oio_CHCR,2013,,,Albulidae
4,Oio_CHCR,2013,,,Albulidae
1,Oio_CHCR,2014,,,Albulidae
2,Oio_CHCR,2014,,,Albulidae
3,Oio_CHCR,2014,,,Albulidae
4,Oio_CHCR,2014,,,Albulidae
1,Oio_CHCR,2015,,,Albulidae
2,Oio_CHCR,2015,,,Albulidae
3,Oio_CHCR,2015,,,Albulidae
4,Oio_CHCR,2015,,,Albulidae
1,Oio_CHCR,2016,,,Albulidae
2,Oio_CHCR,2016,,,Albulidae
3,Oio_CHCR,2016,,,Albulidae
4,Oio_CHCR,2016,,,Albulidae
1,Olililepa_CHCR,2012,,,Monacanthidae
2,Olililepa_CHCR,2012,,,Monacanthidae
3,Olililepa_CHCR,2012,,,Monacanthidae
4,Olililepa_CHCR,2012,,,Monacanthidae
1,Olililepa_CHCR,2013,,,Monacanthidae
2,Olililepa_CHCR,2013,,,Monacanthidae
3,Olililepa_CHCR,2013,,,Monacanthidae
4,Olililepa_CHCR,2013,,,Monacanthidae
1,Olililepa_CHCR,2014,,,Monacanthidae
2,Olililepa_CHCR,2014,,,Monacanthidae
3,Olililepa_CHCR,2014,,,Monacanthidae
4,Olililepa_CHCR,2014,,,Monacanthidae
1,Olililepa_CHCR,2015,,,Monacanthidae
2,Olililepa_CHCR,2015,,,Monacanthidae
3,Olililepa_CHCR,2015,,,Monacanthidae
4,Olililepa_CHCR,2015,,,Monacanthidae
1,Olililepa_CHCR,2016,,,Monacanthidae
2,Olililepa_CHCR,2016,,,Monacanthidae
3,Olililepa_CHCR,2016,,,Monacanthidae
4,Olililepa_CHCR,2016,,,Monacanthidae
1,Omaka_CHCR,2012,,,Carangidae
2,Omaka_CHCR,2012,,,Carangidae
3,Omaka_CHCR,2012,,,Carangidae
4,Omaka_CHCR,2012,,,Carangidae
1,Omaka_CHCR,2013,,,Carangidae
2,Omaka_CHCR,2013,,,Carangidae
3,Omaka_CHCR,2013,,,Carangidae
4,Omaka_CHCR,2013,,,Carangidae
1,Omaka_CHCR,2014,,,Carangidae
2,Omaka_CHCR,2014,,,Carangidae
3,Omaka_CHCR,2014,,,Carangidae
4,Omaka_CHCR,2014,,,Carangidae
1,Omaka_CHCR,2015,,,Carangidae
2,Omaka_CHCR,2015,,,Carangidae
3,Omaka_CHCR,2015,,,Carangidae
4,Omaka_CHCR,2015,,,Carangidae
1,Omaka_CHCR,2016,,,Carangidae
2,Omaka_CHCR,2016,,,Carangidae
3,Omaka_CHCR,2016,,,Carangidae
4,Omaka_CHCR,2016,,,Carangidae
1,Omilu_CHCR,2012,1.33,,
2,Omilu_CHCR,2012,1.33,,
3,Omilu_CHCR,2012,1.33,,
4,Omilu_CHCR,2012,1.33,,
1,Omilu_CHCR,2013,1.33,,
2,Omilu_CHCR,2013,1.33,,
3,Omilu_CHCR,2013,1.33,,
4,Omilu_CHCR,2013,1.33,,
1,Omilu_CHCR,2014,1.33,,
2,Omilu_CHCR,2014,1.33,,
3,Omilu_CHCR,2014,1.33,,
4,Omilu_CHCR,2014,1.33,,
1,Omilu_CHCR,2015,1.33,,
2,Omilu_CHCR,2015,1.33,,
3,Omilu_CHCR,2015,1.33,,
4,Omilu_CHCR,2015,1.33,,
1,Omilu_CHCR,2016,1.33,,
2,Omilu_CHCR,2016,1.33,,
3,Omilu_CHCR,2016,1.33,,
4,Omilu_CHCR,2016,1.33,,
1,Onaga_BMUS,2012,0.85,NOAA Technical Memorandum NMFS-PIFSC-42 Nov 2014 (http://www.cio.noaa.gov/services_programs/prplans/pdfs/ID309_Hawaiian_Bottomfish_Final_Product.pdf),
2,Onaga_BMUS,2012,0.85,NOAA Technical Memorandum NMFS-PIFSC-42 Nov 2014 (http://www.cio.noaa.gov/services_programs/prplans/pdfs/ID309_Hawaiian_Bottomfish_Final_Product.pdf),
3,Onaga_BMUS,2012,0.85,NOAA Technical Memorandum NMFS-PIFSC-42 Nov 2014 (http://www.cio.noaa.gov/services_programs/prplans/pdfs/ID309_Hawaiian_Bottomfish_Final_Product.pdf),
4,Onaga_BMUS,2012,0.85,NOAA Technical Memorandum NMFS-PIFSC-42 Nov 2014 (http://www.cio.noaa.gov/services_programs/prplans/pdfs/ID309_Hawaiian_Bottomfish_Final_Product.pdf),
1,Onaga_BMUS,2013,0.86,NOAA Technical Memorandum NMFS-PIFSC-42 Nov 2014 (http://www.cio.noaa.gov/services_programs/prplans/pdfs/ID309_Hawaiian_Bottomfish_Final_Product.pdf),
2,Onaga_BMUS,2013,0.86,NOAA Technical Memorandum NMFS-PIFSC-42 Nov 2014 (http://www.cio.noaa.gov/services_programs/prplans/pdfs/ID309_Hawaiian_Bottomfish_Final_Product.pdf),
3,Onaga_BMUS,2013,0.86,NOAA Technical Memorandum NMFS-PIFSC-42 Nov 2014 (http://www.cio.noaa.gov/services_programs/prplans/pdfs/ID309_Hawaiian_Bottomfish_Final_Product.pdf),
4,Onaga_BMUS,2013,0.86,NOAA Technical Memorandum NMFS-PIFSC-42 Nov 2014 (http://www.cio.noaa.gov/services_programs/prplans/pdfs/ID309_Hawaiian_Bottomfish_Final_Product.pdf),
1,Onaga_BMUS,2014,0.83,ten year average,
2,Onaga_BMUS,2014,0.83,ten year average,
3,Onaga_BMUS,2014,0.83,ten year average,
4,Onaga_BMUS,2014,0.83,ten year average,
1,Onaga_BMUS,2015,0.83,ten year average,
2,Onaga_BMUS,2015,0.83,ten year average,
3,Onaga_BMUS,2015,0.83,ten year average,
4,Onaga_BMUS,2015,0.83,ten year average,
1,Onaga_BMUS,2016,0.83,ten year average,
2,Onaga_BMUS,2016,0.83,ten year average,
3,Onaga_BMUS,2016,0.83,ten year average,
4,Onaga_BMUS,2016,0.83,ten year average,
1,Ono_PMUS,2012,,,Scombridae
2,Ono_PMUS,2012,,,Scombridae
3,Ono_PMUS,2012,,,Scombridae
4,Ono_PMUS,2012,,,Scombridae
1,Ono_PMUS,2013,,,Scombridae
2,Ono_PMUS,2013,,,Scombridae
3,Ono_PMUS,2013,,,Scombridae
4,Ono_PMUS,2013,,,Scombridae
1,Ono_PMUS,2014,,,Scombridae
2,Ono_PMUS,2014,,,Scombridae
3,Ono_PMUS,2014,,,Scombridae
4,Ono_PMUS,2014,,,Scombridae
1,Ono_PMUS,2015,,,Scombridae
2,Ono_PMUS,2015,,,Scombridae
3,Ono_PMUS,2015,,,Scombridae
4,Ono_PMUS,2015,,,Scombridae
1,Ono_PMUS,2016,,,Scombridae
2,Ono_PMUS,2016,,,Scombridae
3,Ono_PMUS,2016,,,Scombridae
4,Ono_PMUS,2016,,,Scombridae
1,Oopuhue_CHCR,2012,,,Diodontidae
2,Oopuhue_CHCR,2012,,,Diodontidae
3,Oopuhue_CHCR,2012,,,Diodontidae
4,Oopuhue_CHCR,2012,,,Diodontidae
1,Oopuhue_CHCR,2013,,,Diodontidae
2,Oopuhue_CHCR,2013,,,Diodontidae
3,Oopuhue_CHCR,2013,,,Diodontidae
4,Oopuhue_CHCR,2013,,,Diodontidae
1,Oopuhue_CHCR,2014,,,Diodontidae
2,Oopuhue_CHCR,2014,,,Diodontidae
3,Oopuhue_CHCR,2014,,,Diodontidae
4,Oopuhue_CHCR,2014,,,Diodontidae
1,Oopuhue_CHCR,2015,,,Diodontidae
2,Oopuhue_CHCR,2015,,,Diodontidae
3,Oopuhue_CHCR,2015,,,Diodontidae
4,Oopuhue_CHCR,2015,,,Diodontidae
1,Oopuhue_CHCR,2016,,,Diodontidae
2,Oopuhue_CHCR,2016,,,Diodontidae
3,Oopuhue_CHCR,2016,,,Diodontidae
4,Oopuhue_CHCR,2016,,,Diodontidae
1,Opakapaka_BMUS,2012,0.85,NOAA Technical Memorandum NMFS-PIFSC-42 Nov 2014 (http://www.cio.noaa.gov/services_programs/prplans/pdfs/ID309_Hawaiian_Bottomfish_Final_Product.pdf),
2,Opakapaka_BMUS,2012,0.85,NOAA Technical Memorandum NMFS-PIFSC-42 Nov 2014 (http://www.cio.noaa.gov/services_programs/prplans/pdfs/ID309_Hawaiian_Bottomfish_Final_Product.pdf),
3,Opakapaka_BMUS,2012,0.85,NOAA Technical Memorandum NMFS-PIFSC-42 Nov 2014 (http://www.cio.noaa.gov/services_programs/prplans/pdfs/ID309_Hawaiian_Bottomfish_Final_Product.pdf),
4,Opakapaka_BMUS,2012,0.85,NOAA Technical Memorandum NMFS-PIFSC-42 Nov 2014 (http://www.cio.noaa.gov/services_programs/prplans/pdfs/ID309_Hawaiian_Bottomfish_Final_Product.pdf),
1,Opakapaka_BMUS,2013,0.86,NOAA Technical Memorandum NMFS-PIFSC-42 Nov 2014 (http://www.cio.noaa.gov/services_programs/prplans/pdfs/ID309_Hawaiian_Bottomfish_Final_Product.pdf),
2,Opakapaka_BMUS,2013,0.86,NOAA Technical Memorandum NMFS-PIFSC-42 Nov 2014 (http://www.cio.noaa.gov/services_programs/prplans/pdfs/ID309_Hawaiian_Bottomfish_Final_Product.pdf),
3,Opakapaka_BMUS,2013,0.86,NOAA Technical Memorandum NMFS-PIFSC-42 Nov 2014 (http://www.cio.noaa.gov/services_programs/prplans/pdfs/ID309_Hawaiian_Bottomfish_Final_Product.pdf),
4,Opakapaka_BMUS,2013,0.86,NOAA Technical Memorandum NMFS-PIFSC-42 Nov 2014 (http://www.cio.noaa.gov/services_programs/prplans/pdfs/ID309_Hawaiian_Bottomfish_Final_Product.pdf),
1,Opakapaka_BMUS,2014,0.83,ten year average,
2,Opakapaka_BMUS,2014,0.83,ten year average,
3,Opakapaka_BMUS,2014,0.83,ten year average,
4,Opakapaka_BMUS,2014,0.83,ten year average,
1,Opakapaka_BMUS,2015,0.83,ten year average,
2,Opakapaka_BMUS,2015,0.83,ten year average,
3,Opakapaka_BMUS,2015,0.83,ten year average,
4,Opakapaka_BMUS,2015,0.83,ten year average,
1,Opakapaka_BMUS,2016,0.83,ten year average,
2,Opakapaka_BMUS,2016,0.83,ten year average,
3,Opakapaka_BMUS,2016,0.83,ten year average,
4,Opakapaka_BMUS,2016,0.83,ten year average,
1,Opelu kala_CHCR,2012,0.43,,
2,Opelu kala_CHCR,2012,0.43,,
3,Opelu kala_CHCR,2012,0.43,,
4,Opelu kala_CHCR,2012,0.43,,
1,Opelu kala_CHCR,2013,0.43,,
2,Opelu kala_CHCR,2013,0.43,,
3,Opelu kala_CHCR,2013,0.43,,
4,Opelu kala_CHCR,2013,0.43,,
1,Opelu kala_CHCR,2014,0.43,,
2,Opelu kala_CHCR,2014,0.43,,
3,Opelu kala_CHCR,2014,0.43,,
4,Opelu kala_CHCR,2014,0.43,,
1,Opelu kala_CHCR,2015,0.43,,
2,Opelu kala_CHCR,2015,0.43,,
3,Opelu kala_CHCR,2015,0.43,,
4,Opelu kala_CHCR,2015,0.43,,
1,Opelu kala_CHCR,2016,0.43,,
2,Opelu kala_CHCR,2016,0.43,,
3,Opelu kala_CHCR,2016,0.43,,
4,Opelu kala_CHCR,2016,0.43,,
1,Opelu mama_CHCR,2012,,,Carangidae
2,Opelu mama_CHCR,2012,,,Carangidae
3,Opelu mama_CHCR,2012,,,Carangidae
4,Opelu mama_CHCR,2012,,,Carangidae
1,Opelu mama_CHCR,2013,,,Carangidae
2,Opelu mama_CHCR,2013,,,Carangidae
3,Opelu mama_CHCR,2013,,,Carangidae
4,Opelu mama_CHCR,2013,,,Carangidae
1,Opelu mama_CHCR,2014,,,Carangidae
2,Opelu mama_CHCR,2014,,,Carangidae
3,Opelu mama_CHCR,2014,,,Carangidae
4,Opelu mama_CHCR,2014,,,Carangidae
1,Opelu mama_CHCR,2015,,,Carangidae
2,Opelu mama_CHCR,2015,,,Carangidae
3,Opelu mama_CHCR,2015,,,Carangidae
4,Opelu mama_CHCR,2015,,,Carangidae
1,Opelu mama_CHCR,2016,,,Carangidae
2,Opelu mama_CHCR,2016,,,Carangidae
3,Opelu mama_CHCR,2016,,,Carangidae
4,Opelu mama_CHCR,2016,,,Carangidae
1,Opelu_CHCR,2012,,,Carangidae
2,Opelu_CHCR,2012,,,Carangidae
3,Opelu_CHCR,2012,,,Carangidae
4,Opelu_CHCR,2012,,,Carangidae
1,Opelu_CHCR,2013,,,Carangidae
2,Opelu_CHCR,2013,,,Carangidae
3,Opelu_CHCR,2013,,,Carangidae
4,Opelu_CHCR,2013,,,Carangidae
1,Opelu_CHCR,2014,,,Carangidae
2,Opelu_CHCR,2014,,,Carangidae
3,Opelu_CHCR,2014,,,Carangidae
4,Opelu_CHCR,2014,,,Carangidae
1,Opelu_CHCR,2015,,,Carangidae
2,Opelu_CHCR,2015,,,Carangidae
3,Opelu_CHCR,2015,,,Carangidae
4,Opelu_CHCR,2015,,,Carangidae
1,Opelu_CHCR,2016,,,Carangidae
2,Opelu_CHCR,2016,,,Carangidae
3,Opelu_CHCR,2016,,,Carangidae
4,Opelu_CHCR,2016,,,Carangidae
1,Pakii_CHCR,2012,,,Bothidae
2,Pakii_CHCR,2012,,,Bothidae
3,Pakii_CHCR,2012,,,Bothidae
4,Pakii_CHCR,2012,,,Bothidae
1,Pakii_CHCR,2013,,,Bothidae
2,Pakii_CHCR,2013,,,Bothidae
3,Pakii_CHCR,2013,,,Bothidae
4,Pakii_CHCR,2013,,,Bothidae
1,Pakii_CHCR,2014,,,Bothidae
2,Pakii_CHCR,2014,,,Bothidae
3,Pakii_CHCR,2014,,,Bothidae
4,Pakii_CHCR,2014,,,Bothidae
1,Pakii_CHCR,2015,,,Bothidae
2,Pakii_CHCR,2015,,,Bothidae
3,Pakii_CHCR,2015,,,Bothidae
4,Pakii_CHCR,2015,,,Bothidae
1,Pakii_CHCR,2016,,,Bothidae
2,Pakii_CHCR,2016,,,Bothidae
3,Pakii_CHCR,2016,,,Bothidae
4,Pakii_CHCR,2016,,,Bothidae
1,Pakuikui (tang)_CHCR,2012,,,Acanthuridae
2,Pakuikui (tang)_CHCR,2012,,,Acanthuridae
3,Pakuikui (tang)_CHCR,2012,,,Acanthuridae
4,Pakuikui (tang)_CHCR,2012,,,Acanthuridae
1,Pakuikui (tang)_CHCR,2013,,,Acanthuridae
2,Pakuikui (tang)_CHCR,2013,,,Acanthuridae
3,Pakuikui (tang)_CHCR,2013,,,Acanthuridae
4,Pakuikui (tang)_CHCR,2013,,,Acanthuridae
1,Pakuikui (tang)_CHCR,2014,,,Acanthuridae
2,Pakuikui (tang)_CHCR,2014,,,Acanthuridae
3,Pakuikui (tang)_CHCR,2014,,,Acanthuridae
4,Pakuikui (tang)_CHCR,2014,,,Acanthuridae
1,Pakuikui (tang)_CHCR,2015,,,Acanthuridae
2,Pakuikui (tang)_CHCR,2015,,,Acanthuridae
3,Pakuikui (tang)_CHCR,2015,,,Acanthuridae
4,Pakuikui (tang)_CHCR,2015,,,Acanthuridae
1,Pakuikui (tang)_CHCR,2016,,,Acanthuridae
2,Pakuikui (tang)_CHCR,2016,,,Acanthuridae
3,Pakuikui (tang)_CHCR,2016,,,Acanthuridae
4,Pakuikui (tang)_CHCR,2016,,,Acanthuridae
1,Palani_CHCR,2012,1.2,,
2,Palani_CHCR,2012,1.2,,
3,Palani_CHCR,2012,1.2,,
4,Palani_CHCR,2012,1.2,,
1,Palani_CHCR,2013,1.2,,
2,Palani_CHCR,2013,1.2,,
3,Palani_CHCR,2013,1.2,,
4,Palani_CHCR,2013,1.2,,
1,Palani_CHCR,2014,1.2,,
2,Palani_CHCR,2014,1.2,,
3,Palani_CHCR,2014,1.2,,
4,Palani_CHCR,2014,1.2,,
1,Palani_CHCR,2015,1.2,,
2,Palani_CHCR,2015,1.2,,
3,Palani_CHCR,2015,1.2,,
4,Palani_CHCR,2015,1.2,,
1,Palani_CHCR,2016,1.2,,
2,Palani_CHCR,2016,1.2,,
3,Palani_CHCR,2016,1.2,,
4,Palani_CHCR,2016,1.2,,
1,Panuhunuhu_CHCR,2012,0.43,,
2,Panuhunuhu_CHCR,2012,0.43,,
3,Panuhunuhu_CHCR,2012,0.43,,
4,Panuhunuhu_CHCR,2012,0.43,,
1,Panuhunuhu_CHCR,2013,0.43,,
2,Panuhunuhu_CHCR,2013,0.43,,
3,Panuhunuhu_CHCR,2013,0.43,,
4,Panuhunuhu_CHCR,2013,0.43,,
1,Panuhunuhu_CHCR,2014,0.43,,
2,Panuhunuhu_CHCR,2014,0.43,,
3,Panuhunuhu_CHCR,2014,0.43,,
4,Panuhunuhu_CHCR,2014,0.43,,
1,Panuhunuhu_CHCR,2015,0.43,,
2,Panuhunuhu_CHCR,2015,0.43,,
3,Panuhunuhu_CHCR,2015,0.43,,
4,Panuhunuhu_CHCR,2015,0.43,,
1,Panuhunuhu_CHCR,2016,0.43,,
2,Panuhunuhu_CHCR,2016,0.43,,
3,Panuhunuhu_CHCR,2016,0.43,,
4,Panuhunuhu_CHCR,2016,0.43,,
1,Panunu_CHCR,2012,0.77,,
2,Panunu_CHCR,2012,0.77,,
3,Panunu_CHCR,2012,0.77,,
4,Panunu_CHCR,2012,0.77,,
1,Panunu_CHCR,2013,0.77,,
2,Panunu_CHCR,2013,0.77,,
3,Panunu_CHCR,2013,0.77,,
4,Panunu_CHCR,2013,0.77,,
1,Panunu_CHCR,2014,0.77,,
2,Panunu_CHCR,2014,0.77,,
3,Panunu_CHCR,2014,0.77,,
4,Panunu_CHCR,2014,0.77,,
1,Panunu_CHCR,2015,0.77,,
2,Panunu_CHCR,2015,0.77,,
3,Panunu_CHCR,2015,0.77,,
4,Panunu_CHCR,2015,0.77,,
1,Panunu_CHCR,2016,0.77,,
2,Panunu_CHCR,2016,0.77,,
3,Panunu_CHCR,2016,0.77,,
4,Panunu_CHCR,2016,0.77,,
1,Paopao ulua_CHCR,2012,,,Carangidae
2,Paopao ulua_CHCR,2012,,,Carangidae
3,Paopao ulua_CHCR,2012,,,Carangidae
4,Paopao ulua_CHCR,2012,,,Carangidae
1,Paopao ulua_CHCR,2013,,,Carangidae
2,Paopao ulua_CHCR,2013,,,Carangidae
3,Paopao ulua_CHCR,2013,,,Carangidae
4,Paopao ulua_CHCR,2013,,,Carangidae
1,Paopao ulua_CHCR,2014,,,Carangidae
2,Paopao ulua_CHCR,2014,,,Carangidae
3,Paopao ulua_CHCR,2014,,,Carangidae
4,Paopao ulua_CHCR,2014,,,Carangidae
1,Paopao ulua_CHCR,2015,,,Carangidae
2,Paopao ulua_CHCR,2015,,,Carangidae
3,Paopao ulua_CHCR,2015,,,Carangidae
4,Paopao ulua_CHCR,2015,,,Carangidae
1,Paopao ulua_CHCR,2016,,,Carangidae
2,Paopao ulua_CHCR,2016,,,Carangidae
3,Paopao ulua_CHCR,2016,,,Carangidae
4,Paopao ulua_CHCR,2016,,,Carangidae
1,Papa ulua_CHCR,2012,1.37,,
2,Papa ulua_CHCR,2012,1.37,,
3,Papa ulua_CHCR,2012,1.37,,
4,Papa ulua_CHCR,2012,1.37,,
1,Papa ulua_CHCR,2013,1.37,,
2,Papa ulua_CHCR,2013,1.37,,
3,Papa ulua_CHCR,2013,1.37,,
4,Papa ulua_CHCR,2013,1.37,,
1,Papa ulua_CHCR,2014,1.37,,
2,Papa ulua_CHCR,2014,1.37,,
3,Papa ulua_CHCR,2014,1.37,,
4,Papa ulua_CHCR,2014,1.37,,
1,Papa ulua_CHCR,2015,1.37,,
2,Papa ulua_CHCR,2015,1.37,,
3,Papa ulua_CHCR,2015,1.37,,
4,Papa ulua_CHCR,2015,1.37,,
1,Papa ulua_CHCR,2016,1.37,,
2,Papa ulua_CHCR,2016,1.37,,
3,Papa ulua_CHCR,2016,1.37,,
4,Papa ulua_CHCR,2016,1.37,,
1,Poopaa_CHCR,2012,,,Cirrhitidae
2,Poopaa_CHCR,2012,,,Cirrhitidae
3,Poopaa_CHCR,2012,,,Cirrhitidae
4,Poopaa_CHCR,2012,,,Cirrhitidae
1,Poopaa_CHCR,2013,,,Cirrhitidae
2,Poopaa_CHCR,2013,,,Cirrhitidae
3,Poopaa_CHCR,2013,,,Cirrhitidae
4,Poopaa_CHCR,2013,,,Cirrhitidae
1,Poopaa_CHCR,2014,,,Cirrhitidae
2,Poopaa_CHCR,2014,,,Cirrhitidae
3,Poopaa_CHCR,2014,,,Cirrhitidae
4,Poopaa_CHCR,2014,,,Cirrhitidae
1,Poopaa_CHCR,2015,,,Cirrhitidae
2,Poopaa_CHCR,2015,,,Cirrhitidae
3,Poopaa_CHCR,2015,,,Cirrhitidae
4,Poopaa_CHCR,2015,,,Cirrhitidae
1,Poopaa_CHCR,2016,,,Cirrhitidae
2,Poopaa_CHCR,2016,,,Cirrhitidae
3,Poopaa_CHCR,2016,,,Cirrhitidae
4,Poopaa_CHCR,2016,,,Cirrhitidae
1,Poou_CHCR,2012,,,Labridae
2,Poou_CHCR,2012,,,Labridae
3,Poou_CHCR,2012,,,Labridae
4,Poou_CHCR,2012,,,Labridae
1,Poou_CHCR,2013,,,Labridae
2,Poou_CHCR,2013,,,Labridae
3,Poou_CHCR,2013,,,Labridae
4,Poou_CHCR,2013,,,Labridae
1,Poou_CHCR,2014,,,Labridae
2,Poou_CHCR,2014,,,Labridae
3,Poou_CHCR,2014,,,Labridae
4,Poou_CHCR,2014,,,Labridae
1,Poou_CHCR,2015,,,Labridae
2,Poou_CHCR,2015,,,Labridae
3,Poou_CHCR,2015,,,Labridae
4,Poou_CHCR,2015,,,Labridae
1,Poou_CHCR,2016,,,Labridae
2,Poou_CHCR,2016,,,Labridae
3,Poou_CHCR,2016,,,Labridae
4,Poou_CHCR,2016,,,Labridae
1,Pualu_CHCR,2012,0.4,,
2,Pualu_CHCR,2012,0.4,,
3,Pualu_CHCR,2012,0.4,,
4,Pualu_CHCR,2012,0.4,,
1,Pualu_CHCR,2013,0.4,,
2,Pualu_CHCR,2013,0.4,,
3,Pualu_CHCR,2013,0.4,,
4,Pualu_CHCR,2013,0.4,,
1,Pualu_CHCR,2014,0.4,,
2,Pualu_CHCR,2014,0.4,,
3,Pualu_CHCR,2014,0.4,,
4,Pualu_CHCR,2014,0.4,,
1,Pualu_CHCR,2015,0.4,,
2,Pualu_CHCR,2015,0.4,,
3,Pualu_CHCR,2015,0.4,,
4,Pualu_CHCR,2015,0.4,,
1,Pualu_CHCR,2016,0.4,,
2,Pualu_CHCR,2016,0.4,,
3,Pualu_CHCR,2016,0.4,,
4,Pualu_CHCR,2016,0.4,,
1,Puhi black_CHCR,2012,,,Muraenidae
2,Puhi black_CHCR,2012,,,Muraenidae
3,Puhi black_CHCR,2012,,,Muraenidae
4,Puhi black_CHCR,2012,,,Muraenidae
1,Puhi black_CHCR,2013,,,Muraenidae
2,Puhi black_CHCR,2013,,,Muraenidae
3,Puhi black_CHCR,2013,,,Muraenidae
4,Puhi black_CHCR,2013,,,Muraenidae
1,Puhi black_CHCR,2014,,,Muraenidae
2,Puhi black_CHCR,2014,,,Muraenidae
3,Puhi black_CHCR,2014,,,Muraenidae
4,Puhi black_CHCR,2014,,,Muraenidae
1,Puhi black_CHCR,2015,,,Muraenidae
2,Puhi black_CHCR,2015,,,Muraenidae
3,Puhi black_CHCR,2015,,,Muraenidae
4,Puhi black_CHCR,2015,,,Muraenidae
1,Puhi black_CHCR,2016,,,Muraenidae
2,Puhi black_CHCR,2016,,,Muraenidae
3,Puhi black_CHCR,2016,,,Muraenidae
4,Puhi black_CHCR,2016,,,Muraenidae
1,Puhi eel-misc._CHCR,2012,,,Muraenidae
2,Puhi eel-misc._CHCR,2012,,,Muraenidae
3,Puhi eel-misc._CHCR,2012,,,Muraenidae
4,Puhi eel-misc._CHCR,2012,,,Muraenidae
1,Puhi eel-misc._CHCR,2013,,,Muraenidae
2,Puhi eel-misc._CHCR,2013,,,Muraenidae
3,Puhi eel-misc._CHCR,2013,,,Muraenidae
4,Puhi eel-misc._CHCR,2013,,,Muraenidae
1,Puhi eel-misc._CHCR,2014,,,Muraenidae
2,Puhi eel-misc._CHCR,2014,,,Muraenidae
3,Puhi eel-misc._CHCR,2014,,,Muraenidae
4,Puhi eel-misc._CHCR,2014,,,Muraenidae
1,Puhi eel-misc._CHCR,2015,,,Muraenidae
2,Puhi eel-misc._CHCR,2015,,,Muraenidae
3,Puhi eel-misc._CHCR,2015,,,Muraenidae
4,Puhi eel-misc._CHCR,2015,,,Muraenidae
1,Puhi eel-misc._CHCR,2016,,,Muraenidae
2,Puhi eel-misc._CHCR,2016,,,Muraenidae
3,Puhi eel-misc._CHCR,2016,,,Muraenidae
4,Puhi eel-misc._CHCR,2016,,,Muraenidae
1,Puhi white_CHCR,2012,,,Muraenidae
2,Puhi white_CHCR,2012,,,Muraenidae
3,Puhi white_CHCR,2012,,,Muraenidae
4,Puhi white_CHCR,2012,,,Muraenidae
1,Puhi white_CHCR,2013,,,Muraenidae
2,Puhi white_CHCR,2013,,,Muraenidae
3,Puhi white_CHCR,2013,,,Muraenidae
4,Puhi white_CHCR,2013,,,Muraenidae
1,Puhi white_CHCR,2014,,,Muraenidae
2,Puhi white_CHCR,2014,,,Muraenidae
3,Puhi white_CHCR,2014,,,Muraenidae
4,Puhi white_CHCR,2014,,,Muraenidae
1,Puhi white_CHCR,2015,,,Muraenidae
2,Puhi white_CHCR,2015,,,Muraenidae
3,Puhi white_CHCR,2015,,,Muraenidae
4,Puhi white_CHCR,2015,,,Muraenidae
1,Puhi white_CHCR,2016,,,Muraenidae
2,Puhi white_CHCR,2016,,,Muraenidae
3,Puhi white_CHCR,2016,,,Muraenidae
4,Puhi white_CHCR,2016,,,Muraenidae
1,Roi_CHCR,2012,2.67,,
2,Roi_CHCR,2012,2.67,,
3,Roi_CHCR,2012,2.67,,
4,Roi_CHCR,2012,2.67,,
1,Roi_CHCR,2013,2.67,,
2,Roi_CHCR,2013,2.67,,
3,Roi_CHCR,2013,2.67,,
4,Roi_CHCR,2013,2.67,,
1,Roi_CHCR,2014,2.67,,
2,Roi_CHCR,2014,2.67,,
3,Roi_CHCR,2014,2.67,,
4,Roi_CHCR,2014,2.67,,
1,Roi_CHCR,2015,2.67,,
2,Roi_CHCR,2015,2.67,,
3,Roi_CHCR,2015,2.67,,
4,Roi_CHCR,2015,2.67,,
1,Roi_CHCR,2016,2.67,,
2,Roi_CHCR,2016,2.67,,
3,Roi_CHCR,2016,2.67,,
4,Roi_CHCR,2016,2.67,,
1,S.N. spearfish_PMUS,2012,,,Istiophoridae
2,S.N. spearfish_PMUS,2012,,,Istiophoridae
3,S.N. spearfish_PMUS,2012,,,Istiophoridae
4,S.N. spearfish_PMUS,2012,,,Istiophoridae
1,S.N. spearfish_PMUS,2013,,,Istiophoridae
2,S.N. spearfish_PMUS,2013,,,Istiophoridae
3,S.N. spearfish_PMUS,2013,,,Istiophoridae
4,S.N. spearfish_PMUS,2013,,,Istiophoridae
1,S.N. spearfish_PMUS,2014,,,Istiophoridae
2,S.N. spearfish_PMUS,2014,,,Istiophoridae
3,S.N. spearfish_PMUS,2014,,,Istiophoridae
4,S.N. spearfish_PMUS,2014,,,Istiophoridae
1,S.N. spearfish_PMUS,2015,,,Istiophoridae
2,S.N. spearfish_PMUS,2015,,,Istiophoridae
3,S.N. spearfish_PMUS,2015,,,Istiophoridae
4,S.N. spearfish_PMUS,2015,,,Istiophoridae
1,S.N. spearfish_PMUS,2016,,,Istiophoridae
2,S.N. spearfish_PMUS,2016,,,Istiophoridae
3,S.N. spearfish_PMUS,2016,,,Istiophoridae
4,S.N. spearfish_PMUS,2016,,,Istiophoridae
1,Sailfish_PMUS,2012,,,Istiophoridae
2,Sailfish_PMUS,2012,,,Istiophoridae
3,Sailfish_PMUS,2012,,,Istiophoridae
4,Sailfish_PMUS,2012,,,Istiophoridae
1,Sailfish_PMUS,2013,,,Istiophoridae
2,Sailfish_PMUS,2013,,,Istiophoridae
3,Sailfish_PMUS,2013,,,Istiophoridae
4,Sailfish_PMUS,2013,,,Istiophoridae
1,Sailfish_PMUS,2014,,,Istiophoridae
2,Sailfish_PMUS,2014,,,Istiophoridae
3,Sailfish_PMUS,2014,,,Istiophoridae
4,Sailfish_PMUS,2014,,,Istiophoridae
1,Sailfish_PMUS,2015,,,Istiophoridae
2,Sailfish_PMUS,2015,,,Istiophoridae
3,Sailfish_PMUS,2015,,,Istiophoridae
4,Sailfish_PMUS,2015,,,Istiophoridae
1,Sailfish_PMUS,2016,,,Istiophoridae
2,Sailfish_PMUS,2016,,,Istiophoridae
3,Sailfish_PMUS,2016,,,Istiophoridae
4,Sailfish_PMUS,2016,,,Istiophoridae
1,Sasa ulua_CHCR,2012,,,Carangidae
2,Sasa ulua_CHCR,2012,,,Carangidae
3,Sasa ulua_CHCR,2012,,,Carangidae
4,Sasa ulua_CHCR,2012,,,Carangidae
1,Sasa ulua_CHCR,2013,,,Carangidae
2,Sasa ulua_CHCR,2013,,,Carangidae
3,Sasa ulua_CHCR,2013,,,Carangidae
4,Sasa ulua_CHCR,2013,,,Carangidae
1,Sasa ulua_CHCR,2014,,,Carangidae
2,Sasa ulua_CHCR,2014,,,Carangidae
3,Sasa ulua_CHCR,2014,,,Carangidae
4,Sasa ulua_CHCR,2014,,,Carangidae
1,Sasa ulua_CHCR,2015,,,Carangidae
2,Sasa ulua_CHCR,2015,,,Carangidae
3,Sasa ulua_CHCR,2015,,,Carangidae
4,Sasa ulua_CHCR,2015,,,Carangidae
1,Sasa ulua_CHCR,2016,,,Carangidae
2,Sasa ulua_CHCR,2016,,,Carangidae
3,Sasa ulua_CHCR,2016,,,Carangidae
4,Sasa ulua_CHCR,2016,,,Carangidae
1,Shark-misc._PMUS,2012,,,Carcharhinidae
2,Shark-misc._PMUS,2012,,,Carcharhinidae
3,Shark-misc._PMUS,2012,,,Carcharhinidae
4,Shark-misc._PMUS,2012,,,Carcharhinidae
1,Shark-misc._PMUS,2013,,,Carcharhinidae
2,Shark-misc._PMUS,2013,,,Carcharhinidae
3,Shark-misc._PMUS,2013,,,Carcharhinidae
4,Shark-misc._PMUS,2013,,,Carcharhinidae
1,Shark-misc._PMUS,2014,,,Carcharhinidae
2,Shark-misc._PMUS,2014,,,Carcharhinidae
3,Shark-misc._PMUS,2014,,,Carcharhinidae
4,Shark-misc._PMUS,2014,,,Carcharhinidae
1,Shark-misc._PMUS,2015,,,Carcharhinidae
2,Shark-misc._PMUS,2015,,,Carcharhinidae
3,Shark-misc._PMUS,2015,,,Carcharhinidae
4,Shark-misc._PMUS,2015,,,Carcharhinidae
1,Shark-misc._PMUS,2016,,,Carcharhinidae
2,Shark-misc._PMUS,2016,,,Carcharhinidae
3,Shark-misc._PMUS,2016,,,Carcharhinidae
4,Shark-misc._PMUS,2016,,,Carcharhinidae
1,Striped marlin_PMUS,2012,0.36,ISC,Istiophoridae
2,Striped marlin_PMUS,2012,0.36,ISC,Istiophoridae
3,Striped marlin_PMUS,2012,0.36,ISC,Istiophoridae
4,Striped marlin_PMUS,2012,0.36,ISC,Istiophoridae
1,Striped marlin_PMUS,2013,0.39,ISC,Istiophoridae
2,Striped marlin_PMUS,2013,0.39,ISC,Istiophoridae
3,Striped marlin_PMUS,2013,0.39,ISC,Istiophoridae
4,Striped marlin_PMUS,2013,0.39,ISC,Istiophoridae
1,Striped marlin_PMUS,2014,0.36,regression gap fill,Istiophoridae
2,Striped marlin_PMUS,2014,0.36,regression gap fill,Istiophoridae
3,Striped marlin_PMUS,2014,0.36,regression gap fill,Istiophoridae
4,Striped marlin_PMUS,2014,0.36,regression gap fill,Istiophoridae
1,Striped marlin_PMUS,2015,0.36,regression gap fill,Istiophoridae
2,Striped marlin_PMUS,2015,0.36,regression gap fill,Istiophoridae
3,Striped marlin_PMUS,2015,0.36,regression gap fill,Istiophoridae
4,Striped marlin_PMUS,2015,0.36,regression gap fill,Istiophoridae
1,Striped marlin_PMUS,2016,0.36,regression gap fill,Istiophoridae
2,Striped marlin_PMUS,2016,0.36,regression gap fill,Istiophoridae
3,Striped marlin_PMUS,2016,0.36,regression gap fill,Istiophoridae
4,Striped marlin_PMUS,2016,0.36,regression gap fill,Istiophoridae
1,Summer mullet_CHCR,2012,,,Mugilidae
2,Summer mullet_CHCR,2012,,,Mugilidae
3,Summer mullet_CHCR,2012,,,Mugilidae
4,Summer mullet_CHCR,2012,,,Mugilidae
1,Summer mullet_CHCR,2013,,,Mugilidae
2,Summer mullet_CHCR,2013,,,Mugilidae
3,Summer mullet_CHCR,2013,,,Mugilidae
4,Summer mullet_CHCR,2013,,,Mugilidae
1,Summer mullet_CHCR,2014,,,Mugilidae
2,Summer mullet_CHCR,2014,,,Mugilidae
3,Summer mullet_CHCR,2014,,,Mugilidae
4,Summer mullet_CHCR,2014,,,Mugilidae
1,Summer mullet_CHCR,2015,,,Mugilidae
2,Summer mullet_CHCR,2015,,,Mugilidae
3,Summer mullet_CHCR,2015,,,Mugilidae
4,Summer mullet_CHCR,2015,,,Mugilidae
1,Summer mullet_CHCR,2016,,,Mugilidae
2,Summer mullet_CHCR,2016,,,Mugilidae
3,Summer mullet_CHCR,2016,,,Mugilidae
4,Summer mullet_CHCR,2016,,,Mugilidae
1,Swordfish_PMUS,2012,1.2,2014 stock assessment ISCT for West and Central North Pacific,Xiphiidae
2,Swordfish_PMUS,2012,1.2,2014 stock assessment ISCT for West and Central North Pacific,Xiphiidae
3,Swordfish_PMUS,2012,1.2,2014 stock assessment ISCT for West and Central North Pacific,Xiphiidae
4,Swordfish_PMUS,2012,1.2,2014 stock assessment ISCT for West and Central North Pacific,Xiphiidae
1,Swordfish_PMUS,2013,1.3,regression gap fill,Xiphiidae
2,Swordfish_PMUS,2013,1.3,regression gap fill,Xiphiidae
3,Swordfish_PMUS,2013,1.3,regression gap fill,Xiphiidae
4,Swordfish_PMUS,2013,1.3,regression gap fill,Xiphiidae
1,Swordfish_PMUS,2014,1.14,regression gap fill,Xiphiidae
2,Swordfish_PMUS,2014,1.14,regression gap fill,Xiphiidae
3,Swordfish_PMUS,2014,1.14,regression gap fill,Xiphiidae
4,Swordfish_PMUS,2014,1.14,regression gap fill,Xiphiidae
1,Swordfish_PMUS,2015,0.99,regression gap fill,Xiphiidae
2,Swordfish_PMUS,2015,0.99,regression gap fill,Xiphiidae
3,Swordfish_PMUS,2015,0.99,regression gap fill,Xiphiidae
4,Swordfish_PMUS,2015,0.99,regression gap fill,Xiphiidae
1,Swordfish_PMUS,2016,1.173,regression gap fill,Xiphiidae
2,Swordfish_PMUS,2016,1.173,regression gap fill,Xiphiidae
3,Swordfish_PMUS,2016,1.173,regression gap fill,Xiphiidae
4,Swordfish_PMUS,2016,1.173,regression gap fill,Xiphiidae
1,Taape_BMUS,2012,2.07,,
2,Taape_BMUS,2012,2.07,,
3,Taape_BMUS,2012,2.07,,
4,Taape_BMUS,2012,2.07,,
1,Taape_BMUS,2013,2.07,,
2,Taape_BMUS,2013,2.07,,
3,Taape_BMUS,2013,2.07,,
4,Taape_BMUS,2013,2.07,,
1,Taape_BMUS,2014,2.07,,
2,Taape_BMUS,2014,2.07,,
3,Taape_BMUS,2014,2.07,,
4,Taape_BMUS,2014,2.07,,
1,Taape_BMUS,2015,2.07,,
2,Taape_BMUS,2015,2.07,,
3,Taape_BMUS,2015,2.07,,
4,Taape_BMUS,2015,2.07,,
1,Taape_BMUS,2016,2.07,,
2,Taape_BMUS,2016,2.07,,
3,Taape_BMUS,2016,2.07,,
4,Taape_BMUS,2016,2.07,,
1,Thresher shark_PMUS,2012,,,Alopiidae
2,Thresher shark_PMUS,2012,,,Alopiidae
3,Thresher shark_PMUS,2012,,,Alopiidae
4,Thresher shark_PMUS,2012,,,Alopiidae
1,Thresher shark_PMUS,2013,,,Alopiidae
2,Thresher shark_PMUS,2013,,,Alopiidae
3,Thresher shark_PMUS,2013,,,Alopiidae
4,Thresher shark_PMUS,2013,,,Alopiidae
1,Thresher shark_PMUS,2014,,,Alopiidae
2,Thresher shark_PMUS,2014,,,Alopiidae
3,Thresher shark_PMUS,2014,,,Alopiidae
4,Thresher shark_PMUS,2014,,,Alopiidae
1,Thresher shark_PMUS,2015,,,Alopiidae
2,Thresher shark_PMUS,2015,,,Alopiidae
3,Thresher shark_PMUS,2015,,,Alopiidae
4,Thresher shark_PMUS,2015,,,Alopiidae
1,Thresher shark_PMUS,2016,,,Alopiidae
2,Thresher shark_PMUS,2016,,,Alopiidae
3,Thresher shark_PMUS,2016,,,Alopiidae
4,Thresher shark_PMUS,2016,,,Alopiidae
1,Toau_CHCR,2012,1.1,,
2,Toau_CHCR,2012,1.1,,
3,Toau_CHCR,2012,1.1,,
4,Toau_CHCR,2012,1.1,,
1,Toau_CHCR,2013,1.1,,
2,Toau_CHCR,2013,1.1,,
3,Toau_CHCR,2013,1.1,,
4,Toau_CHCR,2013,1.1,,
1,Toau_CHCR,2014,1.1,,
2,Toau_CHCR,2014,1.1,,
3,Toau_CHCR,2014,1.1,,
4,Toau_CHCR,2014,1.1,,
1,Toau_CHCR,2015,1.1,,
2,Toau_CHCR,2015,1.1,,
3,Toau_CHCR,2015,1.1,,
4,Toau_CHCR,2015,1.1,,
1,Toau_CHCR,2016,1.1,,
2,Toau_CHCR,2016,1.1,,
3,Toau_CHCR,2016,1.1,,
4,Toau_CHCR,2016,1.1,,
1,Tombo_PMUS,2012,2.22,ISC; http://isc.fra.go.jp/pdf/ISC14/Annex%2011-%20NPALB%20Stock%20Assessment%20Report_revsied%2029Aug14.pdf,Scombridae
2,Tombo_PMUS,2012,2.22,ISC; http://isc.fra.go.jp/pdf/ISC14/Annex%2011-%20NPALB%20Stock%20Assessment%20Report_revsied%2029Aug14.pdf,Scombridae
3,Tombo_PMUS,2012,2.22,ISC; http://isc.fra.go.jp/pdf/ISC14/Annex%2011-%20NPALB%20Stock%20Assessment%20Report_revsied%2029Aug14.pdf,Scombridae
4,Tombo_PMUS,2012,2.22,ISC; http://isc.fra.go.jp/pdf/ISC14/Annex%2011-%20NPALB%20Stock%20Assessment%20Report_revsied%2029Aug14.pdf,Scombridae
1,Tombo_PMUS,2013,2.19,10 year mean,Scombridae
2,Tombo_PMUS,2013,2.19,10 year mean,Scombridae
3,Tombo_PMUS,2013,2.19,10 year mean,Scombridae
4,Tombo_PMUS,2013,2.19,10 year mean,Scombridae
1,Tombo_PMUS,2014,2.19,10 year mean,Scombridae
2,Tombo_PMUS,2014,2.19,10 year mean,Scombridae
3,Tombo_PMUS,2014,2.19,10 year mean,Scombridae
4,Tombo_PMUS,2014,2.19,10 year mean,Scombridae
1,Tombo_PMUS,2015,2.19,10 year mean,Scombridae
2,Tombo_PMUS,2015,2.19,10 year mean,Scombridae
3,Tombo_PMUS,2015,2.19,10 year mean,Scombridae
4,Tombo_PMUS,2015,2.19,10 year mean,Scombridae
1,Tombo_PMUS,2016,2.19,10 year mean,Scombridae
2,Tombo_PMUS,2016,2.19,10 year mean,Scombridae
3,Tombo_PMUS,2016,2.19,10 year mean,Scombridae
4,Tombo_PMUS,2016,2.19,10 year mean,Scombridae
1,Tuna-misc._PMUS,2012,,,Scombridae
2,Tuna-misc._PMUS,2012,,,Scombridae
3,Tuna-misc._PMUS,2012,,,Scombridae
4,Tuna-misc._PMUS,2012,,,Scombridae
1,Tuna-misc._PMUS,2013,,,Scombridae
2,Tuna-misc._PMUS,2013,,,Scombridae
3,Tuna-misc._PMUS,2013,,,Scombridae
4,Tuna-misc._PMUS,2013,,,Scombridae
1,Tuna-misc._PMUS,2014,,,Scombridae
2,Tuna-misc._PMUS,2014,,,Scombridae
3,Tuna-misc._PMUS,2014,,,Scombridae
4,Tuna-misc._PMUS,2014,,,Scombridae
1,Tuna-misc._PMUS,2015,,,Scombridae
2,Tuna-misc._PMUS,2015,,,Scombridae
3,Tuna-misc._PMUS,2015,,,Scombridae
4,Tuna-misc._PMUS,2015,,,Scombridae
1,Tuna-misc._PMUS,2016,,,Scombridae
2,Tuna-misc._PMUS,2016,,,Scombridae
3,Tuna-misc._PMUS,2016,,,Scombridae
4,Tuna-misc._PMUS,2016,,,Scombridae
1,Uhu parrot-misc._CHCR,2012,0.87,,
1,Uhu parrot-misc._CHCR,2012,0.87,,
1,Uhu parrot-misc._CHCR,2012,0.87,,
1,Uhu parrot-misc._CHCR,2012,0.87,,
2,Uhu parrot-misc._CHCR,2012,0.87,,
2,Uhu parrot-misc._CHCR,2012,0.87,,
2,Uhu parrot-misc._CHCR,2012,0.87,,
2,Uhu parrot-misc._CHCR,2012,0.87,,
3,Uhu parrot-misc._CHCR,2012,0.87,,
3,Uhu parrot-misc._CHCR,2012,0.87,,
3,Uhu parrot-misc._CHCR,2012,0.87,,
3,Uhu parrot-misc._CHCR,2012,0.87,,
4,Uhu parrot-misc._CHCR,2012,0.87,,
4,Uhu parrot-misc._CHCR,2012,0.87,,
4,Uhu parrot-misc._CHCR,2012,0.87,,
4,Uhu parrot-misc._CHCR,2012,0.87,,
1,Uhu parrot-misc._CHCR,2013,0.87,,
1,Uhu parrot-misc._CHCR,2013,0.87,,
1,Uhu parrot-misc._CHCR,2013,0.87,,
1,Uhu parrot-misc._CHCR,2013,0.87,,
2,Uhu parrot-misc._CHCR,2013,0.87,,
2,Uhu parrot-misc._CHCR,2013,0.87,,
2,Uhu parrot-misc._CHCR,2013,0.87,,
2,Uhu parrot-misc._CHCR,2013,0.87,,
3,Uhu parrot-misc._CHCR,2013,0.87,,
3,Uhu parrot-misc._CHCR,2013,0.87,,
3,Uhu parrot-misc._CHCR,2013,0.87,,
3,Uhu parrot-misc._CHCR,2013,0.87,,
4,Uhu parrot-misc._CHCR,2013,0.87,,
4,Uhu parrot-misc._CHCR,2013,0.87,,
4,Uhu parrot-misc._CHCR,2013,0.87,,
4,Uhu parrot-misc._CHCR,2013,0.87,,
1,Uhu parrot-misc._CHCR,2014,0.87,,
1,Uhu parrot-misc._CHCR,2014,0.87,,
1,Uhu parrot-misc._CHCR,2014,0.87,,
1,Uhu parrot-misc._CHCR,2014,0.87,,
2,Uhu parrot-misc._CHCR,2014,0.87,,
2,Uhu parrot-misc._CHCR,2014,0.87,,
2,Uhu parrot-misc._CHCR,2014,0.87,,
2,Uhu parrot-misc._CHCR,2014,0.87,,
3,Uhu parrot-misc._CHCR,2014,0.87,,
3,Uhu parrot-misc._CHCR,2014,0.87,,
3,Uhu parrot-misc._CHCR,2014,0.87,,
3,Uhu parrot-misc._CHCR,2014,0.87,,
4,Uhu parrot-misc._CHCR,2014,0.87,,
4,Uhu parrot-misc._CHCR,2014,0.87,,
4,Uhu parrot-misc._CHCR,2014,0.87,,
4,Uhu parrot-misc._CHCR,2014,0.87,,
1,Uhu parrot-misc._CHCR,2015,0.87,,
1,Uhu parrot-misc._CHCR,2015,0.87,,
1,Uhu parrot-misc._CHCR,2015,0.87,,
1,Uhu parrot-misc._CHCR,2015,0.87,,
2,Uhu parrot-misc._CHCR,2015,0.87,,
2,Uhu parrot-misc._CHCR,2015,0.87,,
2,Uhu parrot-misc._CHCR,2015,0.87,,
2,Uhu parrot-misc._CHCR,2015,0.87,,
3,Uhu parrot-misc._CHCR,2015,0.87,,
3,Uhu parrot-misc._CHCR,2015,0.87,,
3,Uhu parrot-misc._CHCR,2015,0.87,,
3,Uhu parrot-misc._CHCR,2015,0.87,,
4,Uhu parrot-misc._CHCR,2015,0.87,,
4,Uhu parrot-misc._CHCR,2015,0.87,,
4,Uhu parrot-misc._CHCR,2015,0.87,,
4,Uhu parrot-misc._CHCR,2015,0.87,,
1,Uhu parrot-misc._CHCR,2016,0.87,,
1,Uhu parrot-misc._CHCR,2016,0.87,,
1,Uhu parrot-misc._CHCR,2016,0.87,,
1,Uhu parrot-misc._CHCR,2016,0.87,,
2,Uhu parrot-misc._CHCR,2016,0.87,,
2,Uhu parrot-misc._CHCR,2016,0.87,,
2,Uhu parrot-misc._CHCR,2016,0.87,,
2,Uhu parrot-misc._CHCR,2016,0.87,,
3,Uhu parrot-misc._CHCR,2016,0.87,,
3,Uhu parrot-misc._CHCR,2016,0.87,,
3,Uhu parrot-misc._CHCR,2016,0.87,,
3,Uhu parrot-misc._CHCR,2016,0.87,,
4,Uhu parrot-misc._CHCR,2016,0.87,,
4,Uhu parrot-misc._CHCR,2016,0.87,,
4,Uhu parrot-misc._CHCR,2016,0.87,,
4,Uhu parrot-misc._CHCR,2016,0.87,,
1,Uku_BMUS,2012,1.1,,
2,Uku_BMUS,2012,1.1,,
3,Uku_BMUS,2012,1.1,,
4,Uku_BMUS,2012,1.1,,
1,Uku_BMUS,2013,1.1,,
2,Uku_BMUS,2013,1.1,,
3,Uku_BMUS,2013,1.1,,
4,Uku_BMUS,2013,1.1,,
1,Uku_BMUS,2014,1.1,,
2,Uku_BMUS,2014,1.1,,
3,Uku_BMUS,2014,1.1,,
4,Uku_BMUS,2014,1.1,,
1,Uku_BMUS,2015,1.1,,
2,Uku_BMUS,2015,1.1,,
3,Uku_BMUS,2015,1.1,,
4,Uku_BMUS,2015,1.1,,
1,Uku_BMUS,2016,1.1,,
2,Uku_BMUS,2016,1.1,,
3,Uku_BMUS,2016,1.1,,
4,Uku_BMUS,2016,1.1,,
1,Ulua-misc._CHCR,2012,,,Carangidae
2,Ulua-misc._CHCR,2012,,,Carangidae
3,Ulua-misc._CHCR,2012,,,Carangidae
4,Ulua-misc._CHCR,2012,,,Carangidae
1,Ulua-misc._CHCR,2013,,,Carangidae
2,Ulua-misc._CHCR,2013,,,Carangidae
3,Ulua-misc._CHCR,2013,,,Carangidae
4,Ulua-misc._CHCR,2013,,,Carangidae
1,Ulua-misc._CHCR,2014,,,Carangidae
2,Ulua-misc._CHCR,2014,,,Carangidae
3,Ulua-misc._CHCR,2014,,,Carangidae
4,Ulua-misc._CHCR,2014,,,Carangidae
1,Ulua-misc._CHCR,2015,,,Carangidae
2,Ulua-misc._CHCR,2015,,,Carangidae
3,Ulua-misc._CHCR,2015,,,Carangidae
4,Ulua-misc._CHCR,2015,,,Carangidae
1,Ulua-misc._CHCR,2016,,,Carangidae
2,Ulua-misc._CHCR,2016,,,Carangidae
3,Ulua-misc._CHCR,2016,,,Carangidae
4,Ulua-misc._CHCR,2016,,,Carangidae
1,Umaumalei_CHCR,2012,0.83,,
2,Umaumalei_CHCR,2012,0.83,,
3,Umaumalei_CHCR,2012,0.83,,
4,Umaumalei_CHCR,2012,0.83,,
1,Umaumalei_CHCR,2013,0.83,,
2,Umaumalei_CHCR,2013,0.83,,
3,Umaumalei_CHCR,2013,0.83,,
4,Umaumalei_CHCR,2013,0.83,,
1,Umaumalei_CHCR,2014,0.83,,
2,Umaumalei_CHCR,2014,0.83,,
3,Umaumalei_CHCR,2014,0.83,,
4,Umaumalei_CHCR,2014,0.83,,
1,Umaumalei_CHCR,2015,0.83,,
2,Umaumalei_CHCR,2015,0.83,,
3,Umaumalei_CHCR,2015,0.83,,
4,Umaumalei_CHCR,2015,0.83,,
1,Umaumalei_CHCR,2016,0.83,,
2,Umaumalei_CHCR,2016,0.83,,
3,Umaumalei_CHCR,2016,0.83,,
4,Umaumalei_CHCR,2016,0.83,,
1,Uouoa_CHCR,2012,,,Mugilidae
2,Uouoa_CHCR,2012,,,Mugilidae
3,Uouoa_CHCR,2012,,,Mugilidae
4,Uouoa_CHCR,2012,,,Mugilidae
1,Uouoa_CHCR,2013,,,Mugilidae
2,Uouoa_CHCR,2013,,,Mugilidae
3,Uouoa_CHCR,2013,,,Mugilidae
4,Uouoa_CHCR,2013,,,Mugilidae
1,Uouoa_CHCR,2014,,,Mugilidae
2,Uouoa_CHCR,2014,,,Mugilidae
3,Uouoa_CHCR,2014,,,Mugilidae
4,Uouoa_CHCR,2014,,,Mugilidae
1,Uouoa_CHCR,2015,,,Mugilidae
2,Uouoa_CHCR,2015,,,Mugilidae
3,Uouoa_CHCR,2015,,,Mugilidae
4,Uouoa_CHCR,2015,,,Mugilidae
1,Uouoa_CHCR,2016,,,Mugilidae
2,Uouoa_CHCR,2016,,,Mugilidae
3,Uouoa_CHCR,2016,,,Mugilidae
4,Uouoa_CHCR,2016,,,Mugilidae
1,Wahanui_CHCR,2012,,,Lutjanidae
2,Wahanui_CHCR,2012,,,Lutjanidae
3,Wahanui_CHCR,2012,,,Lutjanidae
4,Wahanui_CHCR,2012,,,Lutjanidae
1,Wahanui_CHCR,2013,,,Lutjanidae
2,Wahanui_CHCR,2013,,,Lutjanidae
3,Wahanui_CHCR,2013,,,Lutjanidae
4,Wahanui_CHCR,2013,,,Lutjanidae
1,Wahanui_CHCR,2014,,,Lutjanidae
2,Wahanui_CHCR,2014,,,Lutjanidae
3,Wahanui_CHCR,2014,,,Lutjanidae
4,Wahanui_CHCR,2014,,,Lutjanidae
1,Wahanui_CHCR,2015,,,Lutjanidae
2,Wahanui_CHCR,2015,,,Lutjanidae
3,Wahanui_CHCR,2015,,,Lutjanidae
4,Wahanui_CHCR,2015,,,Lutjanidae
1,Wahanui_CHCR,2016,,,Lutjanidae
2,Wahanui_CHCR,2016,,,Lutjanidae
3,Wahanui_CHCR,2016,,,Lutjanidae
4,Wahanui_CHCR,2016,,,Lutjanidae
1,Walu_PMUS,2012,,,Exocoetidae
2,Walu_PMUS,2012,,,Exocoetidae
3,Walu_PMUS,2012,,,Exocoetidae
4,Walu_PMUS,2012,,,Exocoetidae
1,Walu_PMUS,2013,,,Exocoetidae
2,Walu_PMUS,2013,,,Exocoetidae
3,Walu_PMUS,2013,,,Exocoetidae
4,Walu_PMUS,2013,,,Exocoetidae
1,Walu_PMUS,2014,,,Exocoetidae
2,Walu_PMUS,2014,,,Exocoetidae
3,Walu_PMUS,2014,,,Exocoetidae
4,Walu_PMUS,2014,,,Exocoetidae
1,Walu_PMUS,2015,,,Exocoetidae
2,Walu_PMUS,2015,,,Exocoetidae
3,Walu_PMUS,2015,,,Exocoetidae
4,Walu_PMUS,2015,,,Exocoetidae
1,Walu_PMUS,2016,,,Exocoetidae
2,Walu_PMUS,2016,,,Exocoetidae
3,Walu_PMUS,2016,,,Exocoetidae
4,Walu_PMUS,2016,,,Exocoetidae
1,Weke a'a_CHCR,2012,1.63,,
2,Weke a'a_CHCR,2012,1.63,,
3,Weke a'a_CHCR,2012,1.63,,
4,Weke a'a_CHCR,2012,1.63,,
1,Weke a'a_CHCR,2013,1.63,,
2,Weke a'a_CHCR,2013,1.63,,
3,Weke a'a_CHCR,2013,1.63,,
4,Weke a'a_CHCR,2013,1.63,,
1,Weke a'a_CHCR,2014,1.63,,
2,Weke a'a_CHCR,2014,1.63,,
3,Weke a'a_CHCR,2014,1.63,,
4,Weke a'a_CHCR,2014,1.63,,
1,Weke a'a_CHCR,2015,1.63,,
2,Weke a'a_CHCR,2015,1.63,,
3,Weke a'a_CHCR,2015,1.63,,
4,Weke a'a_CHCR,2015,1.63,,
1,Weke a'a_CHCR,2016,1.63,,
2,Weke a'a_CHCR,2016,1.63,,
3,Weke a'a_CHCR,2016,1.63,,
4,Weke a'a_CHCR,2016,1.63,,
1,Weke nono_CHCR,2012,1.37,,
2,Weke nono_CHCR,2012,1.37,,
3,Weke nono_CHCR,2012,1.37,,
4,Weke nono_CHCR,2012,1.37,,
1,Weke nono_CHCR,2013,1.37,,
2,Weke nono_CHCR,2013,1.37,,
3,Weke nono_CHCR,2013,1.37,,
4,Weke nono_CHCR,2013,1.37,,
1,Weke nono_CHCR,2014,1.37,,
2,Weke nono_CHCR,2014,1.37,,
3,Weke nono_CHCR,2014,1.37,,
4,Weke nono_CHCR,2014,1.37,,
1,Weke nono_CHCR,2015,1.37,,
2,Weke nono_CHCR,2015,1.37,,
3,Weke nono_CHCR,2015,1.37,,
4,Weke nono_CHCR,2015,1.37,,
1,Weke nono_CHCR,2016,1.37,,
2,Weke nono_CHCR,2016,1.37,,
3,Weke nono_CHCR,2016,1.37,,
4,Weke nono_CHCR,2016,1.37,,
1,Weke pueo_CHCR,2012,,,Mullidae
2,Weke pueo_CHCR,2012,,,Mullidae
3,Weke pueo_CHCR,2012,,,Mullidae
4,Weke pueo_CHCR,2012,,,Mullidae
1,Weke pueo_CHCR,2013,,,Mullidae
2,Weke pueo_CHCR,2013,,,Mullidae
3,Weke pueo_CHCR,2013,,,Mullidae
4,Weke pueo_CHCR,2013,,,Mullidae
1,Weke pueo_CHCR,2014,,,Mullidae
2,Weke pueo_CHCR,2014,,,Mullidae
3,Weke pueo_CHCR,2014,,,Mullidae
4,Weke pueo_CHCR,2014,,,Mullidae
1,Weke pueo_CHCR,2015,,,Mullidae
2,Weke pueo_CHCR,2015,,,Mullidae
3,Weke pueo_CHCR,2015,,,Mullidae
4,Weke pueo_CHCR,2015,,,Mullidae
1,Weke pueo_CHCR,2016,,,Mullidae
2,Weke pueo_CHCR,2016,,,Mullidae
3,Weke pueo_CHCR,2016,,,Mullidae
4,Weke pueo_CHCR,2016,,,Mullidae
1,Weke ula_CHCR,2012,1.83,,
2,Weke ula_CHCR,2012,1.83,,
3,Weke ula_CHCR,2012,1.83,,
4,Weke ula_CHCR,2012,1.83,,
1,Weke ula_CHCR,2013,1.83,,
2,Weke ula_CHCR,2013,1.83,,
3,Weke ula_CHCR,2013,1.83,,
4,Weke ula_CHCR,2013,1.83,,
1,Weke ula_CHCR,2014,1.83,,
2,Weke ula_CHCR,2014,1.83,,
3,Weke ula_CHCR,2014,1.83,,
4,Weke ula_CHCR,2014,1.83,,
1,Weke ula_CHCR,2015,1.83,,
2,Weke ula_CHCR,2015,1.83,,
3,Weke ula_CHCR,2015,1.83,,
4,Weke ula_CHCR,2015,1.83,,
1,Weke ula_CHCR,2016,1.83,,
2,Weke ula_CHCR,2016,1.83,,
3,Weke ula_CHCR,2016,1.83,,
4,Weke ula_CHCR,2016,1.83,,
1,Weke_CHCR,2012,,,Mullidae
2,Weke_CHCR,2012,,,Mullidae
3,Weke_CHCR,2012,,,Mullidae
4,Weke_CHCR,2012,,,Mullidae
1,Weke_CHCR,2013,,,Mullidae
2,Weke_CHCR,2013,,,Mullidae
3,Weke_CHCR,2013,,,Mullidae
4,Weke_CHCR,2013,,,Mullidae
1,Weke_CHCR,2014,,,Mullidae
2,Weke_CHCR,2014,,,Mullidae
3,Weke_CHCR,2014,,,Mullidae
4,Weke_CHCR,2014,,,Mullidae
1,Weke_CHCR,2015,,,Mullidae
2,Weke_CHCR,2015,,,Mullidae
3,Weke_CHCR,2015,,,Mullidae
4,Weke_CHCR,2015,,,Mullidae
1,Weke_CHCR,2016,,,Mullidae
2,Weke_CHCR,2016,,,Mullidae
3,Weke_CHCR,2016,,,Mullidae
4,Weke_CHCR,2016,,,Mullidae
1,White ulua_CHCR,2012,0.93,,
2,White ulua_CHCR,2012,0.93,,
3,White ulua_CHCR,2012,0.93,,
4,White ulua_CHCR,2012,0.93,,
1,White ulua_CHCR,2013,0.93,,
2,White ulua_CHCR,2013,0.93,,
3,White ulua_CHCR,2013,0.93,,
4,White ulua_CHCR,2013,0.93,,
1,White ulua_CHCR,2014,0.93,,
2,White ulua_CHCR,2014,0.93,,
3,White ulua_CHCR,2014,0.93,,
4,White ulua_CHCR,2014,0.93,,
1,White ulua_CHCR,2015,0.93,,
2,White ulua_CHCR,2015,0.93,,
3,White ulua_CHCR,2015,0.93,,
4,White ulua_CHCR,2015,0.93,,
1,White ulua_CHCR,2016,0.93,,
2,White ulua_CHCR,2016,0.93,,
3,White ulua_CHCR,2016,0.93,,
4,White ulua_CHCR,2016,0.93,,
1,Yellowfin tuna_PMUS,2012,1.22,SPC,Scombridae
2,Yellowfin tuna_PMUS,2012,1.22,SPC,Scombridae
3,Yellowfin tuna_PMUS,2012,1.22,SPC,Scombridae
4,Yellowfin tuna_PMUS,2012,1.22,SPC,Scombridae
1,Yellowfin tuna_PMUS,2013,1.28,regression gap fill,Scombridae
2,Yellowfin tuna_PMUS,2013,1.28,regression gap fill,Scombridae
3,Yellowfin tuna_PMUS,2013,1.28,regression gap fill,Scombridae
4,Yellowfin tuna_PMUS,2013,1.28,regression gap fill,Scombridae
1,Yellowfin tuna_PMUS,2014,1.26,regression gap fill,Scombridae
2,Yellowfin tuna_PMUS,2014,1.26,regression gap fill,Scombridae
3,Yellowfin tuna_PMUS,2014,1.26,regression gap fill,Scombridae
4,Yellowfin tuna_PMUS,2014,1.26,regression gap fill,Scombridae
1,Yellowfin tuna_PMUS,2015,1.24,regression gap fill,Scombridae
2,Yellowfin tuna_PMUS,2015,1.24,regression gap fill,Scombridae
3,Yellowfin tuna_PMUS,2015,1.24,regression gap fill,Scombridae
4,Yellowfin tuna_PMUS,2015,1.24,regression gap fill,Scombridae
1,Yellowfin tuna_PMUS,2016,1.2022,regression gap fill,Scombridae
2,Yellowfin tuna_PMUS,2016,1.2022,regression gap fill,Scombridae
3,Yellowfin tuna_PMUS,2016,1.2022,regression gap fill,Scombridae
4,Yellowfin tuna_PMUS,2016,1.2022,regression gap fill,Scombridae
