rgn_id,year,key_sp,catch,Fam,code
1,2012,Acan_Api,367.5,Acan,reef
1,2013,Acan_Api,220.5,Acan,reef
1,2014,Acan_Api,619.5,Acan,reef
1,2015,Acan_Api,430.5,Acan,reef
1,2012,Acan_Black kole,2037,Acan,reef
1,2013,Acan_Black kole,1018.5,Acan,reef
1,2016,Acan_Black kole,252,Acan,reef
1,2012,Acan_Kala,3654,Acan,reef
1,2013,Acan_Kala,4536,Acan,reef
1,2014,Acan_Kala,714,Acan,reef
1,2015,Acan_Kala,2005.5,Acan,reef
1,2016,Acan_Kala,4137,Acan,reef
1,2012,Acan_Kole,16999.5,Acan,reef
1,2013,Acan_Kole,14626.5,Acan,reef
1,2014,Acan_Kole,19761,Acan,reef
1,2015,Acan_Kole,3643.5,Acan,reef
1,2016,Acan_Kole,6909,Acan,reef
1,2012,Acan_Maiko,2457,Acan,reef
1,2013,Acan_Maiko,661.5,Acan,reef
1,2014,Acan_Maiko,2037,Acan,reef
1,2015,Acan_Maiko,1039.5,Acan,reef
1,2016,Acan_Maiko,451.5,Acan,reef
1,2012,Acan_Manini,19761,Acan,reef
1,2013,Acan_Manini,27877.5,Acan,reef
1,2014,Acan_Manini,17776.5,Acan,reef
1,2015,Acan_Manini,6604.5,Acan,reef
1,2016,Acan_Manini,5764.5,Acan,reef
1,2012,Acan_Naenae,808.5,Acan,reef
1,2013,Acan_Naenae,1155,Acan,reef
1,2012,Acan_Opelu kala,22554,Acan,reef
1,2013,Acan_Opelu kala,30166.5,Acan,reef
1,2014,Acan_Opelu kala,9649.5,Acan,reef
1,2015,Acan_Opelu kala,6867,Acan,reef
1,2016,Acan_Opelu kala,3580.5,Acan,reef
1,2012,Acan_Pakuikui (tang),3234,Acan,reef
1,2013,Acan_Pakuikui (tang),4231.5,Acan,reef
1,2014,Acan_Pakuikui (tang),1995,Acan,reef
1,2015,Acan_Pakuikui (tang),1176,Acan,reef
1,2016,Acan_Pakuikui (tang),703.5,Acan,reef
1,2012,Acan_Palani,14164.5,Acan,reef
1,2013,Acan_Palani,16222.5,Acan,reef
1,2014,Acan_Palani,7182,Acan,reef
1,2015,Acan_Palani,6825,Acan,reef
1,2016,Acan_Palani,1596,Acan,reef
1,2012,Acan_Pualu,7276.5,Acan,reef
1,2013,Acan_Pualu,5911.5,Acan,reef
1,2014,Acan_Pualu,16516.5,Acan,reef
1,2015,Acan_Pualu,6310.5,Acan,reef
1,2016,Acan_Pualu,4746,Acan,reef
1,2012,Acan_Umaumalei,4567.5,Acan,reef
1,2013,Acan_Umaumalei,1260,Acan,reef
1,2013,Albu_Oio,231,Albu,reef
1,2015,Albu_Oio,1302,Albu,reef
1,2016,Albu_Oio,945,Albu,reef
1,2012,Aulo_Nunu,724.5,Aulo,reef
1,2013,Aulo_Nunu,756,Aulo,reef
1,2016,Aulo_Nunu,703.5,Aulo,reef
1,2012,Bali_Humuhumu,1596,Bali,reef
1,2013,Bali_Humuhumu,262.5,Bali,reef
1,2014,Bali_Humuhumu,126,Bali,reef
1,2016,Bali_Humuhumu,315,Bali,reef
1,2012,Belo_Ahaaha,1291.5,Belo,reef
1,2013,Belo_Ahaaha,871.5,Belo,reef
1,2015,Belo_Ahaaha,892.5,Belo,reef
1,2016,Belo_Ahaaha,472.5,Belo,reef
1,2012,Cirr_Poopaa,315,Cirr,reef
1,2013,Cirr_Poopaa,220.5,Cirr,reef
1,2014,Cirr_Poopaa,294,Cirr,reef
1,2015,Cirr_Poopaa,168,Cirr,reef
1,2016,Cirr_Poopaa,210,Cirr,reef
1,2012,Emme_Golden kali,966,Emme,reef
1,2013,Emme_Golden kali,1669.5,Emme,reef
1,2014,Emme_Golden kali,1060.5,Emme,reef
1,2015,Emme_Golden kali,420,Emme,reef
1,2016,Emme_Golden kali,241.5,Emme,reef
1,2013,Gemp_Hauliuli,115.5,Gemp,reef
1,2012,Holo_Alaihe,2289,Holo,reef
1,2013,Holo_Alaihe,3937.5,Holo,reef
1,2014,Holo_Alaihe,2425.5,Holo,reef
1,2015,Holo_Alaihe,1396.5,Holo,reef
1,2016,Holo_Alaihe,924,Holo,reef
1,2012,Holo_Alaihe mama,703.5,Holo,reef
1,2013,Holo_Alaihe mama,472.5,Holo,reef
1,2014,Holo_Alaihe mama,94.5,Holo,reef
1,2015,Holo_Alaihe mama,493.5,Holo,reef
1,2016,Holo_Alaihe mama,105,Holo,reef
1,2012,Holo_Menpachi,249018,Holo,reef
1,2013,Holo_Menpachi,249805.5,Holo,reef
1,2014,Holo_Menpachi,171444,Holo,reef
1,2015,Holo_Menpachi,152869.5,Holo,reef
1,2016,Holo_Menpachi,163632,Holo,reef
1,2012,Kuhl_Aholehole,6205.5,Kuhl,reef
1,2013,Kuhl_Aholehole,7570.5,Kuhl,reef
1,2014,Kuhl_Aholehole,8473.5,Kuhl,reef
1,2015,Kuhl_Aholehole,6436.5,Kuhl,reef
1,2016,Kuhl_Aholehole,7245,Kuhl,reef
1,2012,Kyph_Nenue,8872.5,Kyph,reef
1,2013,Kyph_Nenue,10164,Kyph,reef
1,2014,Kyph_Nenue,11518.5,Kyph,reef
1,2015,Kyph_Nenue,6237,Kyph,reef
1,2016,Kyph_Nenue,6877.5,Kyph,reef
1,2012,Labr_Aawa,25704,Labr,reef
1,2013,Labr_Aawa,20160,Labr,reef
1,2014,Labr_Aawa,14269.5,Labr,reef
1,2015,Labr_Aawa,10752,Labr,reef
1,2016,Labr_Aawa,19971,Labr,reef
1,2012,Labr_Ea (wrasse),430.5,Labr,reef
1,2013,Labr_Ea (wrasse),315,Labr,reef
1,2015,Labr_Ea (wrasse),798,Labr,reef
1,2012,Labr_Laenihi,9166.5,Labr,reef
1,2013,Labr_Laenihi,8305.5,Labr,reef
1,2014,Labr_Laenihi,10930.5,Labr,reef
1,2015,Labr_Laenihi,6751.5,Labr,reef
1,2016,Labr_Laenihi,8736,Labr,reef
1,2012,Labr_Poou,210,Labr,reef
1,2012,Leth_Mu,20433,Leth,reef
1,2013,Leth_Mu,18406.5,Leth,reef
1,2014,Leth_Mu,1795.5,Leth,reef
1,2015,Leth_Mu,2887.5,Leth,reef
1,2016,Leth_Mu,2887.5,Leth,reef
1,2013,Lutj_Randall's snapper,535.5,Lutj,reef
1,2015,Lutj_Randall's snapper,756,Lutj,reef
1,2012,Lutj_Toau,9187.5,Lutj,reef
1,2013,Lutj_Toau,4347,Lutj,reef
1,2014,Lutj_Toau,2446.5,Lutj,reef
1,2015,Lutj_Toau,3045,Lutj,reef
1,2016,Lutj_Toau,3948,Lutj,reef
1,2012,Lutj_Wahanui,220.5,Lutj,reef
1,2013,Lutj_Wahanui,189,Lutj,reef
1,2014,Lutj_Wahanui,325.5,Lutj,reef
1,2015,Lutj_Wahanui,451.5,Lutj,reef
1,2012,Mona_Olililepa,955.5,Mona,reef
1,2015,Mona_Olililepa,336,Mona,reef
1,2014,Mugi_Amaama,304.5,Mugi,reef
1,2012,Mugi_Uouoa,2100,Mugi,reef
1,2013,Mugi_Uouoa,3003,Mugi,reef
1,2014,Mugi_Uouoa,5113.5,Mugi,reef
1,2015,Mugi_Uouoa,1932,Mugi,reef
1,2012,Mull_Kumu,19519.5,Mull,reef
1,2013,Mull_Kumu,16306.5,Mull,reef
1,2014,Mull_Kumu,3874.5,Mull,reef
1,2015,Mull_Kumu,5040,Mull,reef
1,2016,Mull_Kumu,7434,Mull,reef
1,2012,Mull_Malu,294,Mull,reef
1,2013,Mull_Malu,84,Mull,reef
1,2012,Mull_Moana,26407.5,Mull,reef
1,2013,Mull_Moana,19425,Mull,reef
1,2014,Mull_Moana,13818,Mull,reef
1,2015,Mull_Moana,13062,Mull,reef
1,2016,Mull_Moana,22470,Mull,reef
1,2012,Mull_Moana kale,12610.5,Mull,reef
1,2013,Mull_Moana kale,8253,Mull,reef
1,2014,Mull_Moana kale,9985.5,Mull,reef
1,2015,Mull_Moana kale,5481,Mull,reef
1,2016,Mull_Moana kale,9954,Mull,reef
1,2012,Mull_Munu,3160.5,Mull,reef
1,2013,Mull_Munu,1512,Mull,reef
1,2014,Mull_Munu,1543.5,Mull,reef
1,2015,Mull_Munu,441,Mull,reef
1,2016,Mull_Munu,955.5,Mull,reef
1,2012,Mull_Weke a'a,1648.5,Mull,reef
1,2013,Mull_Weke a'a,2961,Mull,reef
1,2014,Mull_Weke a'a,955.5,Mull,reef
1,2015,Mull_Weke a'a,1239,Mull,reef
1,2016,Mull_Weke a'a,1375.5,Mull,reef
1,2012,Mull_Weke nono,8631,Mull,reef
1,2013,Mull_Weke nono,6762,Mull,reef
1,2014,Mull_Weke nono,10930.5,Mull,reef
1,2015,Mull_Weke nono,6415.5,Mull,reef
1,2016,Mull_Weke nono,8904,Mull,reef
1,2013,Mull_Weke pueo,325.5,Mull,reef
1,2012,Mull_Weke ula,4609.5,Mull,reef
1,2013,Mull_Weke ula,4410,Mull,reef
1,2014,Mull_Weke ula,8232,Mull,reef
1,2015,Mull_Weke ula,5008.5,Mull,reef
1,2016,Mull_Weke ula,10678.5,Mull,reef
1,2013,Mura_Puhi eel-misc.,3549,Mura,reef
1,2014,Poly_Moi,357,Poly,reef
1,2015,Poly_Moi,1816.5,Poly,reef
1,2012,Poma_Kupipi,252,Poma,reef
1,2014,Poma_Kupipi,808.5,Poma,reef
1,2012,Poma_Maomao,115.5,Poma,reef
1,2012,Pria_Aweoweo,17335.5,Pria,reef
1,2013,Pria_Aweoweo,27867,Pria,reef
1,2014,Pria_Aweoweo,32403,Pria,reef
1,2015,Pria_Aweoweo,41359.5,Pria,reef
1,2016,Pria_Aweoweo,26964,Pria,reef
1,2012,Pria_Aweoweo (deepsea),525,Pria,reef
1,2013,Pria_Aweoweo (deepsea),283.5,Pria,reef
1,2014,Pria_Aweoweo (deepsea),1365,Pria,reef
1,2015,Pria_Aweoweo (deepsea),525,Pria,reef
1,2012,Scar_Panuhunuhu,126,Scar,reef
1,2013,Scar_Panuhunuhu,115.5,Scar,reef
1,2014,Scar_Panuhunuhu,724.5,Scar,reef
1,2015,Scar_Panunu,115.5,Scar,reef
1,2012,Scar_Uhu parrot-misc.,147031.5,Scar,reef
1,2013,Scar_Uhu parrot-misc.,79915.5,Scar,reef
1,2014,Scar_Uhu parrot-misc.,29526,Scar,reef
1,2015,Scar_Uhu parrot-misc.,43249.5,Scar,reef
1,2016,Scar_Uhu parrot-misc.,34587,Scar,reef
1,2012,Scor_Hogo,2961,Scor,reef
1,2013,Scor_Hogo,5365.5,Scor,reef
1,2014,Scor_Hogo,3549,Scor,reef
1,2015,Scor_Hogo,2488.5,Scor,reef
1,2016,Scor_Hogo,1113,Scor,reef
1,2012,Scor_Nohu,4420.5,Scor,reef
1,2013,Scor_Nohu,2572.5,Scor,reef
1,2014,Scor_Nohu,1837.5,Scor,reef
1,2015,Scor_Nohu,5491.5,Scor,reef
1,2016,Scor_Nohu,3633,Scor,reef
1,2012,Serr_Roi,1375.5,Serr,reef
1,2012,Sphy_Kaku,3181.5,Sphy,reef
1,2013,Sphy_Kaku,4189.5,Sphy,reef
1,2014,Sphy_Kaku,4935,Sphy,reef
1,2015,Sphy_Kaku,3412.5,Sphy,reef
1,2016,Sphy_Kaku,2499,Sphy,reef
1,2012,Sphy_Kawelea,9103.5,Sphy,reef
1,2013,Sphy_Kawelea,9534,Sphy,reef
1,2014,Sphy_Kawelea,9649.5,Sphy,reef
1,2015,Sphy_Kawelea,18217.5,Sphy,reef
1,2016,Sphy_Kawelea,8715,Sphy,reef
2,2012,Acan_Kala,48847.4,Acan,reef
2,2013,Acan_Kala,48803,Acan,reef
2,2014,Acan_Kala,39101.6,Acan,reef
2,2015,Acan_Kala,36097.2,Acan,reef
2,2016,Acan_Kala,31664.6,Acan,reef
2,2012,Acan_Kole,18389,Acan,reef
2,2013,Acan_Kole,7348.2,Acan,reef
2,2014,Acan_Kole,4366,Acan,reef
2,2015,Acan_Kole,5742.4,Acan,reef
2,2016,Acan_Kole,3011.8,Acan,reef
2,2012,Acan_Manini,29762.8,Acan,reef
2,2013,Acan_Manini,23872.4,Acan,reef
2,2014,Acan_Manini,15954.4,Acan,reef
2,2015,Acan_Manini,16901.6,Acan,reef
2,2016,Acan_Manini,20823.6,Acan,reef
2,2012,Acan_Naenae,3885,Acan,reef
2,2012,Acan_Opelu kala,947.2,Acan,reef
2,2013,Acan_Opelu kala,4765.6,Acan,reef
2,2014,Acan_Opelu kala,814,Acan,reef
2,2015,Acan_Opelu kala,858.4,Acan,reef
2,2016,Acan_Opelu kala,2760.2,Acan,reef
2,2012,Acan_Palani,33610.8,Acan,reef
2,2013,Acan_Palani,25811.2,Acan,reef
2,2014,Acan_Palani,26891.6,Acan,reef
2,2015,Acan_Palani,25559.6,Acan,reef
2,2016,Acan_Palani,24686.4,Acan,reef
2,2012,Acan_Pualu,5476,Acan,reef
2,2013,Acan_Pualu,3019.2,Acan,reef
2,2014,Acan_Pualu,6512,Acan,reef
2,2015,Acan_Pualu,6586,Acan,reef
2,2016,Acan_Pualu,5032,Acan,reef
2,2012,Acan_Umaumalei,20734.8,Acan,reef
2,2013,Acan_Umaumalei,15362.4,Acan,reef
2,2014,Acan_Umaumalei,12935.2,Acan,reef
2,2015,Acan_Umaumalei,17767.4,Acan,reef
2,2016,Acan_Umaumalei,16650,Acan,reef
2,2012,Albu_Oio,2974.8,Albu,reef
2,2013,Albu_Oio,9028,Albu,reef
2,2014,Albu_Oio,3959,Albu,reef
2,2015,Albu_Oio,5542.6,Albu,reef
2,2016,Albu_Oio,5387.2,Albu,reef
2,2012,Bali_Humuhumu,584.6,Bali,reef
2,2013,Bali_Humuhumu,621.6,Bali,reef
2,2014,Bali_Humuhumu,229.4,Bali,reef
2,2015,Bali_Humuhumu,362.6,Bali,reef
2,2016,Bali_Humuhumu,458.8,Bali,reef
2,2012,Belo_Ahaaha,2745.4,Belo,reef
2,2013,Belo_Ahaaha,754.8,Belo,reef
2,2014,Belo_Ahaaha,843.6,Belo,reef
2,2012,Chan_Awa,458.8,Chan,reef
2,2012,Cirr_Poopaa,2057.2,Cirr,reef
2,2013,Cirr_Poopaa,717.8,Cirr,reef
2,2014,Cirr_Poopaa,636.4,Cirr,reef
2,2015,Cirr_Poopaa,510.6,Cirr,reef
2,2016,Cirr_Poopaa,910.2,Cirr,reef
2,2012,Emme_Golden kali,888,Emme,reef
2,2013,Emme_Golden kali,1280.2,Emme,reef
2,2014,Emme_Golden kali,680.8,Emme,reef
2,2015,Emme_Golden kali,851,Emme,reef
2,2016,Emme_Golden kali,562.4,Emme,reef
2,2012,Holo_Alaihe,318.2,Holo,reef
2,2015,Holo_Alaihe,74,Holo,reef
2,2012,Holo_Alaihe mama,74,Holo,reef
2,2012,Holo_Menpachi,43275.2,Holo,reef
2,2013,Holo_Menpachi,26691.8,Holo,reef
2,2014,Holo_Menpachi,32767.2,Holo,reef
2,2015,Holo_Menpachi,33647.8,Holo,reef
2,2016,Holo_Menpachi,39294,Holo,reef
2,2012,Kuhl_Aholehole,2123.8,Kuhl,reef
2,2013,Kuhl_Aholehole,347.8,Kuhl,reef
2,2014,Kuhl_Aholehole,777,Kuhl,reef
2,2015,Kuhl_Aholehole,407,Kuhl,reef
2,2016,Kuhl_Aholehole,1628,Kuhl,reef
2,2012,Kyph_Nenue,58904,Kyph,reef
2,2013,Kyph_Nenue,38021.2,Kyph,reef
2,2014,Kyph_Nenue,46057.6,Kyph,reef
2,2015,Kyph_Nenue,42964.4,Kyph,reef
2,2016,Kyph_Nenue,25981.4,Kyph,reef
2,2012,Labr_Aawa,1339.4,Labr,reef
2,2013,Labr_Aawa,806.6,Labr,reef
2,2014,Labr_Aawa,1354.2,Labr,reef
2,2015,Labr_Aawa,910.2,Labr,reef
2,2016,Labr_Aawa,1073,Labr,reef
2,2012,Labr_Ea (wrasse),947.2,Labr,reef
2,2013,Labr_Ea (wrasse),851,Labr,reef
2,2014,Labr_Ea (wrasse),836.2,Labr,reef
2,2015,Labr_Ea (wrasse),170.2,Labr,reef
2,2016,Labr_Ea (wrasse),192.4,Labr,reef
2,2012,Labr_Laenihi,8857.8,Labr,reef
2,2013,Labr_Laenihi,11958.4,Labr,reef
2,2014,Labr_Laenihi,13579,Labr,reef
2,2015,Labr_Laenihi,19728.4,Labr,reef
2,2016,Labr_Laenihi,15695.4,Labr,reef
2,2016,Labr_Poou,170.2,Labr,reef
2,2012,Leth_Mu,851,Leth,reef
2,2013,Leth_Mu,1339.4,Leth,reef
2,2014,Leth_Mu,207.2,Leth,reef
2,2015,Leth_Mu,525.4,Leth,reef
2,2016,Leth_Mu,717.8,Leth,reef
2,2012,Lutj_Toau,13645.6,Lutj,reef
2,2013,Lutj_Toau,1087.8,Lutj,reef
2,2014,Lutj_Toau,310.8,Lutj,reef
2,2015,Lutj_Toau,8325,Lutj,reef
2,2016,Lutj_Toau,3145,Lutj,reef
2,2015,Mugi_Uouoa,399.6,Mugi,reef
2,2012,Mull_Kumu,3330,Mull,reef
2,2013,Mull_Kumu,1132.2,Mull,reef
2,2014,Mull_Kumu,1776,Mull,reef
2,2015,Mull_Kumu,895.4,Mull,reef
2,2016,Mull_Kumu,1413.4,Mull,reef
2,2012,Mull_Moana,13001.8,Mull,reef
2,2013,Mull_Moana,11640.2,Mull,reef
2,2014,Mull_Moana,5712.8,Mull,reef
2,2015,Mull_Moana,754.8,Mull,reef
2,2016,Mull_Moana,614.2,Mull,reef
2,2012,Mull_Moana kale,4824.8,Mull,reef
2,2013,Mull_Moana kale,2397.6,Mull,reef
2,2014,Mull_Moana kale,799.2,Mull,reef
2,2015,Mull_Moana kale,584.6,Mull,reef
2,2016,Mull_Moana kale,1050.8,Mull,reef
2,2012,Mull_Munu,281.2,Mull,reef
2,2013,Mull_Munu,214.6,Mull,reef
2,2014,Mull_Munu,88.8,Mull,reef
2,2015,Mull_Munu,81.4,Mull,reef
2,2012,Mull_Weke a'a,8436,Mull,reef
2,2013,Mull_Weke a'a,8865.2,Mull,reef
2,2014,Mull_Weke a'a,2708.4,Mull,reef
2,2015,Mull_Weke a'a,3352.2,Mull,reef
2,2016,Mull_Weke a'a,4136.6,Mull,reef
2,2012,Mull_Weke nono,13549.4,Mull,reef
2,2013,Mull_Weke nono,12617,Mull,reef
2,2014,Mull_Weke nono,5291,Mull,reef
2,2015,Mull_Weke nono,8687.6,Mull,reef
2,2016,Mull_Weke nono,6711.8,Mull,reef
2,2013,Mull_Weke pueo,1087.8,Mull,reef
2,2012,Mull_Weke ula,31923.6,Mull,reef
2,2013,Mull_Weke ula,12358,Mull,reef
2,2014,Mull_Weke ula,39331,Mull,reef
2,2015,Mull_Weke ula,52621.4,Mull,reef
2,2016,Mull_Weke ula,23117.6,Mull,reef
2,2012,Poly_Moi,917.6,Poly,reef
2,2014,Poly_Moi,236.8,Poly,reef
2,2016,Poly_Moi,199.8,Poly,reef
2,2012,Poma_Kupipi,895.4,Poma,reef
2,2012,Poma_Maomao,13120.2,Poma,reef
2,2013,Poma_Maomao,4972.8,Poma,reef
2,2014,Poma_Maomao,1739,Poma,reef
2,2015,Poma_Maomao,3433.6,Poma,reef
2,2012,Pria_Aweoweo,2027.6,Pria,reef
2,2013,Pria_Aweoweo,2449.4,Pria,reef
2,2014,Pria_Aweoweo,2072,Pria,reef
2,2015,Pria_Aweoweo,4062.6,Pria,reef
2,2016,Pria_Aweoweo,4070,Pria,reef
2,2012,Pria_Aweoweo (deepsea),532.8,Pria,reef
2,2013,Pria_Aweoweo (deepsea),333,Pria,reef
2,2014,Pria_Aweoweo (deepsea),762.2,Pria,reef
2,2015,Pria_Aweoweo (deepsea),888,Pria,reef
2,2016,Pria_Aweoweo (deepsea),703,Pria,reef
2,2012,Scar_Uhu parrot-misc.,107714.4,Scar,reef
2,2013,Scar_Uhu parrot-misc.,82332.4,Scar,reef
2,2014,Scar_Uhu parrot-misc.,61723.4,Scar,reef
2,2015,Scar_Uhu parrot-misc.,13038.8,Scar,reef
2,2016,Scar_Uhu parrot-misc.,17160.6,Scar,reef
2,2012,Scor_Hogo,6852.4,Scor,reef
2,2013,Scor_Hogo,6171.6,Scor,reef
2,2014,Scor_Hogo,5394.6,Scor,reef
2,2015,Scor_Hogo,4033,Scor,reef
2,2016,Scor_Hogo,4129.2,Scor,reef
2,2012,Scor_Nohu,7747.8,Scor,reef
2,2013,Scor_Nohu,2908.2,Scor,reef
2,2014,Scor_Nohu,1753.8,Scor,reef
2,2015,Scor_Nohu,4121.8,Scor,reef
2,2016,Scor_Nohu,3448.4,Scor,reef
2,2012,Serr_Roi,11218.4,Serr,reef
2,2013,Serr_Roi,7244.6,Serr,reef
2,2014,Serr_Roi,2826.8,Serr,reef
2,2015,Serr_Roi,2538.2,Serr,reef
2,2016,Serr_Roi,10212,Serr,reef
2,2012,Sphy_Kaku,4817.4,Sphy,reef
2,2013,Sphy_Kaku,7925.4,Sphy,reef
2,2014,Sphy_Kaku,2597.4,Sphy,reef
2,2015,Sphy_Kaku,6541.6,Sphy,reef
2,2016,Sphy_Kaku,2545.6,Sphy,reef
2,2012,Sphy_Kawelea,5794.2,Sphy,reef
2,2013,Sphy_Kawelea,4225.4,Sphy,reef
2,2014,Sphy_Kawelea,1798.2,Sphy,reef
2,2015,Sphy_Kawelea,3877.6,Sphy,reef
2,2016,Sphy_Kawelea,2094.2,Sphy,reef
3,2012,Acan_Api,211.2,Acan,reef
3,2013,Acan_Api,277.2,Acan,reef
3,2012,Acan_Kala,116047.8,Acan,reef
3,2013,Acan_Kala,82440.6,Acan,reef
3,2014,Acan_Kala,81430.8,Acan,reef
3,2015,Acan_Kala,54862.5,Acan,reef
3,2016,Acan_Kala,41712,Acan,reef
3,2012,Acan_Kole,214.5,Acan,reef
3,2013,Acan_Kole,1141.8,Acan,reef
3,2014,Acan_Kole,2178,Acan,reef
3,2015,Acan_Kole,960.3,Acan,reef
3,2016,Acan_Kole,422.4,Acan,reef
3,2012,Acan_Maiko,6755.1,Acan,reef
3,2013,Acan_Maiko,11342.1,Acan,reef
3,2014,Acan_Maiko,4055.7,Acan,reef
3,2015,Acan_Maiko,1155,Acan,reef
3,2016,Acan_Maiko,2999.7,Acan,reef
3,2012,Acan_Manini,28089.6,Acan,reef
3,2013,Acan_Manini,30333.6,Acan,reef
3,2014,Acan_Manini,25185.6,Acan,reef
3,2015,Acan_Manini,20370.9,Acan,reef
3,2016,Acan_Manini,16701.3,Acan,reef
3,2012,Acan_Naenae,27396.6,Acan,reef
3,2013,Acan_Naenae,26027.1,Acan,reef
3,2014,Acan_Naenae,26284.5,Acan,reef
3,2015,Acan_Naenae,13902.9,Acan,reef
3,2016,Acan_Naenae,10210.2,Acan,reef
3,2012,Acan_Opelu kala,9814.2,Acan,reef
3,2013,Acan_Opelu kala,15404.4,Acan,reef
3,2014,Acan_Opelu kala,5685.9,Acan,reef
3,2015,Acan_Opelu kala,8830.8,Acan,reef
3,2016,Acan_Opelu kala,7560.3,Acan,reef
3,2013,Acan_Pakuikui (tang),69.3,Acan,reef
3,2012,Acan_Palani,99679.8,Acan,reef
3,2013,Acan_Palani,93244.8,Acan,reef
3,2014,Acan_Palani,90083.4,Acan,reef
3,2015,Acan_Palani,56453.1,Acan,reef
3,2016,Acan_Palani,64894.5,Acan,reef
3,2012,Acan_Pualu,37385.7,Acan,reef
3,2013,Acan_Pualu,22793.1,Acan,reef
3,2014,Acan_Pualu,15569.4,Acan,reef
3,2015,Acan_Pualu,12497.1,Acan,reef
3,2016,Acan_Pualu,10629.3,Acan,reef
3,2012,Acan_Umaumalei,2227.5,Acan,reef
3,2013,Acan_Umaumalei,6494.4,Acan,reef
3,2014,Acan_Umaumalei,3032.7,Acan,reef
3,2015,Acan_Umaumalei,1207.8,Acan,reef
3,2016,Acan_Umaumalei,3623.4,Acan,reef
3,2012,Albu_Oio,33528,Albu,reef
3,2013,Albu_Oio,32673.3,Albu,reef
3,2014,Albu_Oio,18084,Albu,reef
3,2015,Albu_Oio,22205.7,Albu,reef
3,2016,Albu_Oio,14262.6,Albu,reef
3,2012,Aulo_Nunu,429,Aulo,reef
3,2013,Aulo_Nunu,455.4,Aulo,reef
3,2014,Aulo_Nunu,696.3,Aulo,reef
3,2015,Aulo_Nunu,399.3,Aulo,reef
3,2016,Aulo_Nunu,198,Aulo,reef
3,2012,Bali_Humuhumu,2392.5,Bali,reef
3,2013,Bali_Humuhumu,2039.4,Bali,reef
3,2014,Bali_Humuhumu,1518,Bali,reef
3,2015,Bali_Humuhumu,1372.8,Bali,reef
3,2016,Bali_Humuhumu,1277.1,Bali,reef
3,2012,Belo_Ahaaha,1409.1,Belo,reef
3,2013,Belo_Ahaaha,768.9,Belo,reef
3,2014,Belo_Ahaaha,1125.3,Belo,reef
3,2015,Belo_Ahaaha,640.2,Belo,reef
3,2016,Belo_Ahaaha,993.3,Belo,reef
3,2012,Both_Pakii,33,Both,reef
3,2013,Both_Pakii,46.2,Both,reef
3,2014,Both_Pakii,59.4,Both,reef
3,2012,Chan_Awa,7144.5,Chan,reef
3,2013,Chan_Awa,2201.1,Chan,reef
3,2014,Chan_Awa,5009.4,Chan,reef
3,2015,Chan_Awa,6824.4,Chan,reef
3,2016,Chan_Awa,1310.1,Chan,reef
3,2012,Cich_Tilapia,5916.9,Cich,reef
3,2012,Cirr_Poopaa,1419,Cirr,reef
3,2013,Cirr_Poopaa,4544.1,Cirr,reef
3,2014,Cirr_Poopaa,2026.2,Cirr,reef
3,2015,Cirr_Poopaa,224.4,Cirr,reef
3,2016,Cirr_Poopaa,1907.4,Cirr,reef
3,2012,Cong_Puhi white,798.6,Cong,reef
3,2013,Cong_Puhi white,966.9,Cong,reef
3,2014,Cong_Puhi white,1211.1,Cong,reef
3,2015,Cong_Puhi white,511.5,Cong,reef
3,2012,Diod_Oopuhue,3478.2,Diod,reef
3,2012,Elop_Awaawa,4979.7,Elop,reef
3,2013,Elop_Awaawa,4062.3,Elop,reef
3,2014,Elop_Awaawa,2273.7,Elop,reef
3,2015,Elop_Awaawa,1234.2,Elop,reef
3,2016,Elop_Awaawa,1108.8,Elop,reef
3,2012,Emme_Golden kali,52.8,Emme,reef
3,2013,Emme_Golden kali,128.7,Emme,reef
3,2014,Emme_Golden kali,89.1,Emme,reef
3,2015,Emme_Golden kali,158.4,Emme,reef
3,2016,Emme_Golden kali,59.4,Emme,reef
3,2012,Hemi_Iheihe,287.1,Hemi,reef
3,2014,Hemi_Iheihe,468.6,Hemi,reef
3,2012,Holo_Alaihe,1287,Holo,reef
3,2013,Holo_Alaihe,1214.4,Holo,reef
3,2014,Holo_Alaihe,811.8,Holo,reef
3,2015,Holo_Alaihe,244.2,Holo,reef
3,2016,Holo_Alaihe,89.1,Holo,reef
3,2012,Holo_Menpachi,45417.9,Holo,reef
3,2013,Holo_Menpachi,54519.3,Holo,reef
3,2014,Holo_Menpachi,41167.5,Holo,reef
3,2015,Holo_Menpachi,42583.2,Holo,reef
3,2016,Holo_Menpachi,45140.7,Holo,reef
3,2012,Kuhl_Aholehole,2402.4,Kuhl,reef
3,2013,Kuhl_Aholehole,4108.5,Kuhl,reef
3,2014,Kuhl_Aholehole,1828.2,Kuhl,reef
3,2015,Kuhl_Aholehole,12368.4,Kuhl,reef
3,2016,Kuhl_Aholehole,2508,Kuhl,reef
3,2012,Kyph_Nenue,73692.3,Kyph,reef
3,2013,Kyph_Nenue,70006.2,Kyph,reef
3,2014,Kyph_Nenue,30564.6,Kyph,reef
3,2015,Kyph_Nenue,36224.1,Kyph,reef
3,2016,Kyph_Nenue,18427.2,Kyph,reef
3,2012,Labr_Aawa,5613.3,Labr,reef
3,2013,Labr_Aawa,4834.5,Labr,reef
3,2014,Labr_Aawa,5260.2,Labr,reef
3,2015,Labr_Aawa,3828,Labr,reef
3,2016,Labr_Aawa,4158,Labr,reef
3,2012,Labr_Ea (wrasse),468.6,Labr,reef
3,2013,Labr_Ea (wrasse),59.4,Labr,reef
3,2015,Labr_Ea (wrasse),138.6,Labr,reef
3,2016,Labr_Ea (wrasse),9.9,Labr,reef
3,2012,Labr_Hinalea,118.8,Labr,reef
3,2013,Labr_Hinalea,151.8,Labr,reef
3,2014,Labr_Hinalea,82.5,Labr,reef
3,2015,Labr_Hinalea,69.3,Labr,reef
3,2016,Labr_Hinalea,3.3,Labr,reef
3,2012,Labr_Kupoupou,56.1,Labr,reef
3,2013,Labr_Kupoupou,39.6,Labr,reef
3,2014,Labr_Kupoupou,33,Labr,reef
3,2015,Labr_Kupoupou,19.8,Labr,reef
3,2012,Labr_Laenihi,1907.4,Labr,reef
3,2013,Labr_Laenihi,844.8,Labr,reef
3,2014,Labr_Laenihi,1917.3,Labr,reef
3,2015,Labr_Laenihi,745.8,Labr,reef
3,2016,Labr_Laenihi,2072.4,Labr,reef
3,2012,Leth_Mu,11678.7,Leth,reef
3,2013,Leth_Mu,12206.7,Leth,reef
3,2014,Leth_Mu,10233.3,Leth,reef
3,2015,Leth_Mu,4940.1,Leth,reef
3,2016,Leth_Mu,4474.8,Leth,reef
3,2012,Lutj_Toau,10939.5,Lutj,reef
3,2013,Lutj_Toau,11193.6,Lutj,reef
3,2014,Lutj_Toau,15140.4,Lutj,reef
3,2015,Lutj_Toau,5283.3,Lutj,reef
3,2016,Lutj_Toau,5511,Lutj,reef
3,2014,Lutj_Wahanui,33,Lutj,reef
3,2016,Lutj_Wahanui,13.2,Lutj,reef
3,2012,Mona_Olililepa,8583.3,Mona,reef
3,2013,Mona_Olililepa,2491.5,Mona,reef
3,2014,Mona_Olililepa,4422,Mona,reef
3,2015,Mona_Olililepa,1960.2,Mona,reef
3,2016,Mona_Olililepa,716.1,Mona,reef
3,2012,Mugi_Amaama,23258.4,Mugi,reef
3,2013,Mugi_Amaama,18836.4,Mugi,reef
3,2014,Mugi_Amaama,12388.2,Mugi,reef
3,2015,Mugi_Amaama,13025.1,Mugi,reef
3,2016,Mugi_Amaama,7850.7,Mugi,reef
3,2016,Mugi_Summer mullet,1574.1,Mugi,reef
3,2013,Mugi_Uouoa,366.3,Mugi,reef
3,2012,Mull_Kumu,18189.6,Mull,reef
3,2013,Mull_Kumu,16727.7,Mull,reef
3,2014,Mull_Kumu,11058.3,Mull,reef
3,2015,Mull_Kumu,6451.5,Mull,reef
3,2016,Mull_Kumu,2755.5,Mull,reef
3,2012,Mull_Malu,920.7,Mull,reef
3,2013,Mull_Malu,861.3,Mull,reef
3,2014,Mull_Malu,686.4,Mull,reef
3,2015,Mull_Malu,297,Mull,reef
3,2016,Mull_Malu,59.4,Mull,reef
3,2012,Mull_Moana,3953.4,Mull,reef
3,2013,Mull_Moana,5425.2,Mull,reef
3,2014,Mull_Moana,4101.9,Mull,reef
3,2015,Mull_Moana,2009.7,Mull,reef
3,2016,Mull_Moana,1475.1,Mull,reef
3,2012,Mull_Moana kale,1673.1,Mull,reef
3,2013,Mull_Moana kale,1976.7,Mull,reef
3,2014,Mull_Moana kale,4728.9,Mull,reef
3,2015,Mull_Moana kale,1745.7,Mull,reef
3,2016,Mull_Moana kale,1877.7,Mull,reef
3,2012,Mull_Munu,1610.4,Mull,reef
3,2013,Mull_Munu,1600.5,Mull,reef
3,2014,Mull_Munu,1514.7,Mull,reef
3,2015,Mull_Munu,686.4,Mull,reef
3,2016,Mull_Munu,660,Mull,reef
3,2012,Mull_Weke,2184.6,Mull,reef
3,2012,Mull_Weke a'a,16249.2,Mull,reef
3,2013,Mull_Weke a'a,11012.1,Mull,reef
3,2014,Mull_Weke a'a,13028.4,Mull,reef
3,2015,Mull_Weke a'a,10771.2,Mull,reef
3,2016,Mull_Weke a'a,15803.7,Mull,reef
3,2012,Mull_Weke nono,9804.3,Mull,reef
3,2013,Mull_Weke nono,9837.3,Mull,reef
3,2014,Mull_Weke nono,11701.8,Mull,reef
3,2015,Mull_Weke nono,8398.5,Mull,reef
3,2016,Mull_Weke nono,5329.5,Mull,reef
3,2013,Mull_Weke pueo,669.9,Mull,reef
3,2012,Mull_Weke ula,58000.8,Mull,reef
3,2013,Mull_Weke ula,73969.5,Mull,reef
3,2014,Mull_Weke ula,135121.8,Mull,reef
3,2015,Mull_Weke ula,140685.6,Mull,reef
3,2016,Mull_Weke ula,97911,Mull,reef
3,2012,Mura_Puhi black,3742.2,Mura,reef
3,2013,Mura_Puhi black,3375.9,Mura,reef
3,2014,Mura_Puhi black,1716,Mura,reef
3,2015,Mura_Puhi black,881.1,Mura,reef
3,2016,Mura_Puhi black,1432.2,Mura,reef
3,2012,Mura_Puhi eel-misc.,528,Mura,reef
3,2013,Mura_Puhi eel-misc.,960.3,Mura,reef
3,2014,Mura_Puhi eel-misc.,1864.5,Mura,reef
3,2015,Mura_Puhi eel-misc.,775.5,Mura,reef
3,2016,Mura_Puhi eel-misc.,547.8,Mura,reef
3,2012,Poly_Moi,514.8,Poly,reef
3,2013,Poly_Moi,145.2,Poly,reef
3,2014,Poly_Moi,247.5,Poly,reef
3,2015,Poly_Moi,293.7,Poly,reef
3,2016,Poly_Moi,452.1,Poly,reef
3,2013,Poma_Kupipi,16.5,Poma,reef
3,2012,Poma_Maomao,3663,Poma,reef
3,2013,Poma_Maomao,4834.5,Poma,reef
3,2014,Poma_Maomao,2128.5,Poma,reef
3,2015,Poma_Maomao,1211.1,Poma,reef
3,2016,Poma_Maomao,854.7,Poma,reef
3,2012,Pria_Aweoweo,2781.9,Pria,reef
3,2013,Pria_Aweoweo,5821.2,Pria,reef
3,2014,Pria_Aweoweo,5610,Pria,reef
3,2015,Pria_Aweoweo,7504.2,Pria,reef
3,2016,Pria_Aweoweo,5134.8,Pria,reef
3,2012,Pria_Aweoweo (deepsea),66,Pria,reef
3,2013,Pria_Aweoweo (deepsea),181.5,Pria,reef
3,2014,Pria_Aweoweo (deepsea),386.1,Pria,reef
3,2015,Pria_Aweoweo (deepsea),432.3,Pria,reef
3,2016,Pria_Aweoweo (deepsea),257.4,Pria,reef
3,2012,Scar_Panuhunuhu,333.3,Scar,reef
3,2013,Scar_Panuhunuhu,504.9,Scar,reef
3,2014,Scar_Panuhunuhu,564.3,Scar,reef
3,2015,Scar_Panuhunuhu,481.8,Scar,reef
3,2016,Scar_Panuhunuhu,339.9,Scar,reef
3,2012,Scar_Panunu,996.6,Scar,reef
3,2013,Scar_Panunu,597.3,Scar,reef
3,2014,Scar_Panunu,1518,Scar,reef
3,2015,Scar_Panunu,1630.2,Scar,reef
3,2016,Scar_Panunu,495,Scar,reef
3,2012,Scar_Uhu parrot-misc.,177751.2,Scar,reef
3,2013,Scar_Uhu parrot-misc.,181879.5,Scar,reef
3,2014,Scar_Uhu parrot-misc.,184945.2,Scar,reef
3,2015,Scar_Uhu parrot-misc.,86925.3,Scar,reef
3,2016,Scar_Uhu parrot-misc.,59287.8,Scar,reef
3,2012,Scor_Hogo,1683,Scor,reef
3,2013,Scor_Hogo,706.2,Scor,reef
3,2014,Scor_Hogo,636.9,Scor,reef
3,2015,Scor_Hogo,1145.1,Scor,reef
3,2016,Scor_Hogo,1191.3,Scor,reef
3,2012,Scor_Nohu,1247.4,Scor,reef
3,2013,Scor_Nohu,1395.9,Scor,reef
3,2014,Scor_Nohu,610.5,Scor,reef
3,2015,Scor_Nohu,234.3,Scor,reef
3,2016,Scor_Nohu,415.8,Scor,reef
3,2012,Serr_Roi,9669,Serr,reef
3,2013,Serr_Roi,6649.5,Serr,reef
3,2014,Serr_Roi,2580.6,Serr,reef
3,2015,Serr_Roi,1887.6,Serr,reef
3,2016,Serr_Roi,1438.8,Serr,reef
3,2012,Sphy_Kaku,3422.1,Sphy,reef
3,2013,Sphy_Kaku,1716,Sphy,reef
3,2014,Sphy_Kaku,1877.7,Sphy,reef
3,2015,Sphy_Kaku,1445.4,Sphy,reef
3,2016,Sphy_Kaku,706.2,Sphy,reef
3,2012,Sphy_Kawelea,5108.4,Sphy,reef
3,2013,Sphy_Kawelea,3715.8,Sphy,reef
3,2014,Sphy_Kawelea,1811.7,Sphy,reef
3,2015,Sphy_Kawelea,4128.3,Sphy,reef
3,2016,Sphy_Kawelea,1689.6,Sphy,reef
4,2015,Acan_Kala,1605.8,Acan,reef
4,2015,Acan_Manini,214.6,Acan,reef
4,2014,Acan_Palani,384.8,Acan,reef
4,2015,Acan_Palani,207.2,Acan,reef
4,2014,Albu_Oio,13675.2,Albu,reef
4,2016,Albu_Oio,3211.6,Albu,reef
4,2015,Bali_Humuhumu,140.6,Bali,reef
4,2012,Emme_Golden kali,192.4,Emme,reef
4,2013,Emme_Golden kali,281.2,Emme,reef
4,2014,Emme_Golden kali,162.8,Emme,reef
4,2015,Emme_Golden kali,155.4,Emme,reef
4,2016,Emme_Golden kali,266.4,Emme,reef
4,2012,Holo_Menpachi,73881.6,Holo,reef
4,2013,Holo_Menpachi,102823,Holo,reef
4,2014,Holo_Menpachi,146549.6,Holo,reef
4,2015,Holo_Menpachi,87852.8,Holo,reef
4,2016,Holo_Menpachi,104636,Holo,reef
4,2012,Kuhl_Aholehole,1605.8,Kuhl,reef
4,2013,Kuhl_Aholehole,2005.4,Kuhl,reef
4,2014,Kuhl_Aholehole,1694.6,Kuhl,reef
4,2015,Kuhl_Aholehole,2020.2,Kuhl,reef
4,2012,Kyph_Nenue,732.6,Kyph,reef
4,2014,Kyph_Nenue,399.6,Kyph,reef
4,2015,Kyph_Nenue,532.8,Kyph,reef
4,2016,Kyph_Nenue,199.8,Kyph,reef
4,2012,Labr_Aawa,3219,Labr,reef
4,2013,Labr_Aawa,1036,Labr,reef
4,2014,Labr_Aawa,3026.6,Labr,reef
4,2015,Labr_Aawa,1827.8,Labr,reef
4,2016,Labr_Aawa,325.6,Labr,reef
4,2012,Labr_Laenihi,259,Labr,reef
4,2013,Labr_Laenihi,74,Labr,reef
4,2012,Leth_Mu,1213.6,Leth,reef
4,2015,Leth_Mu,1702,Leth,reef
4,2016,Leth_Mu,2819.4,Leth,reef
4,2012,Lutj_Toau,732.6,Lutj,reef
4,2013,Lutj_Toau,902.8,Lutj,reef
4,2014,Lutj_Toau,3093.2,Lutj,reef
4,2015,Lutj_Toau,836.2,Lutj,reef
4,2016,Lutj_Toau,932.4,Lutj,reef
4,2015,Lutj_Wahanui,414.4,Lutj,reef
4,2012,Mugi_Amaama,10212,Mugi,reef
4,2012,Mull_Kumu,4573.2,Mull,reef
4,2013,Mull_Kumu,2301.4,Mull,reef
4,2014,Mull_Kumu,3337.4,Mull,reef
4,2015,Mull_Kumu,1117.4,Mull,reef
4,2016,Mull_Kumu,1613.2,Mull,reef
4,2012,Mull_Malu,162.8,Mull,reef
4,2012,Mull_Moana,2131.2,Mull,reef
4,2013,Mull_Moana,1147,Mull,reef
4,2014,Mull_Moana,1184,Mull,reef
4,2015,Mull_Moana,806.6,Mull,reef
4,2016,Mull_Moana,828.8,Mull,reef
4,2012,Mull_Moana kale,1568.8,Mull,reef
4,2013,Mull_Moana kale,1132.2,Mull,reef
4,2014,Mull_Moana kale,2116.4,Mull,reef
4,2015,Mull_Moana kale,865.8,Mull,reef
4,2016,Mull_Moana kale,503.2,Mull,reef
4,2012,Mull_Weke nono,11114.8,Mull,reef
4,2013,Mull_Weke nono,8865.2,Mull,reef
4,2014,Mull_Weke nono,10929.8,Mull,reef
4,2015,Mull_Weke nono,11396,Mull,reef
4,2016,Mull_Weke nono,14992.4,Mull,reef
4,2012,Mull_Weke ula,3108,Mull,reef
4,2013,Mull_Weke ula,3174.6,Mull,reef
4,2014,Mull_Weke ula,1509.6,Mull,reef
4,2015,Mull_Weke ula,466.2,Mull,reef
4,2016,Mull_Weke ula,7681.2,Mull,reef
4,2016,Poly_Moi,1013.8,Poly,reef
4,2012,Pria_Aweoweo,1805.6,Pria,reef
4,2013,Pria_Aweoweo,3241.2,Pria,reef
4,2014,Pria_Aweoweo,7392.6,Pria,reef
4,2015,Pria_Aweoweo,3996,Pria,reef
4,2016,Pria_Aweoweo,4040.4,Pria,reef
4,2013,Pria_Aweoweo (deepsea),96.2,Pria,reef
4,2015,Pria_Aweoweo (deepsea),118.4,Pria,reef
4,2016,Pria_Aweoweo (deepsea),229.4,Pria,reef
4,2012,Scar_Uhu parrot-misc.,11144.4,Scar,reef
4,2014,Scar_Uhu parrot-misc.,13468,Scar,reef
4,2015,Scar_Uhu parrot-misc.,5668.4,Scar,reef
4,2016,Scar_Uhu parrot-misc.,9960.4,Scar,reef
4,2012,Scor_Hogo,1813,Scor,reef
4,2013,Scor_Hogo,1413.4,Scor,reef
4,2014,Scor_Hogo,1776,Scor,reef
4,2015,Scor_Hogo,2760.2,Scor,reef
4,2016,Scor_Hogo,2678.8,Scor,reef
4,2012,Sphy_Kaku,5527.8,Sphy,reef
4,2013,Sphy_Kaku,3670.4,Sphy,reef
4,2014,Sphy_Kaku,3204.2,Sphy,reef
4,2015,Sphy_Kaku,3441,Sphy,reef
4,2016,Sphy_Kaku,821.4,Sphy,reef
4,2012,Sphy_Kawelea,1058.2,Sphy,reef
4,2013,Sphy_Kawelea,88.8,Sphy,reef
4,2014,Sphy_Kawelea,688.2,Sphy,reef
4,2015,Sphy_Kawelea,569.8,Sphy,reef
4,2016,Sphy_Kawelea,148,Sphy,reef