"targets","layer","filename","fld_value","units","name","description","layer_gl","path_in","fld_id_num","fld_id_chr","fld_category","fld_year","fld_val_num","fld_val_chr","file_exists","year_min","year_max","val_min","val_max","val_0to1","flds_unused","flds_missing","rows_duplicated","num_ids_unique","data_na"
" pressure","cc_acid","cc_acid_gl2016.csv","pressure_score","scaled 0-1","Ocean acidification","Ocean acidification pressure scaled using biological thresholds","cc_acid","~/github/ohi-global/eez2016/layers/cc_acid.csv","rgn_id",,,,"pressure_score",,TRUE,,,0.31056013316079,0.31056013316079,TRUE,,,,4,FALSE
" pressure","cc_sst","cc_sst_gl2016.csv","pressure_score","scaled 0-1","Sea surface temperature anomolies","Sea surface temperature anomolies","cc_sst","~/github/ohi-global/eez2016/layers/cc_sst.csv","rgn_id",,,,"pressure_score",,TRUE,,,0.14120067157751,0.14120067157751,TRUE,,,,4,FALSE
" pressure","cc_uv","cc_uv_gl2016.csv","pressure_score","scaled 0-1","UV radiation pressure","Modeled UV radiation based on Erythemal UV Irradiance data provided by GES DISC.","cc_uv","~/github/ohi-global/eez2016/layers/cc_uv.csv","rgn_id",,,,"pressure_score",,TRUE,,,0.305541293448998,0.305541293448998,TRUE,,,,4,FALSE
" pressure","fp_com_hb","fp_com_hb_mhi2017.csv","pressure_score","scaled 0-1","High bycatch due to commercial fishing ","NOAA bycatch ratio from tuna fishery","fp_com_hb","~/github/mhi/region2017/layers/fp_com_hb_mhi2017.csv","rgn_id",,,,"pressure_score",,TRUE,,,0.28,0.28,TRUE,,,,4,FALSE
" pressure","fp_com_lb","fp_com_lb_mhi2017.csv","pressure_score","scaled 0-1","Low bycatch due to commercial fishing ","NOAA bycatch ratio from swordfish fishery","fp_com_lb","~/github/mhi/region2017/layers/fp_comlb_mhi2017.csv","rgn_id",,,,"pressure_score",,TRUE,,,0.24,0.24,TRUE,,,,4,FALSE
" pressure","hd_intertidal","hd_intertidal_mhi2017.csv","pressure_score","scaled 0-1","Intertidal habitat destruction","Coastal population density (25 mi from shore)  as a proxy for intertidal habitat destruction. Calculated as resident population per km of shoreline and standardized by maximum regional score.","hd_intertidal","~/github/mhi/region2017/layers/hd_intertidal_mhi2017.csv","rgn_id",,,,"pressure_score",,TRUE,,,0.094223931,1,TRUE,,,,4,FALSE
" pressure","ss_spi","ss_spi_gl2016.csv","pressure_score","scaled 0-1","Weakness of social progress","Inverse of Social Progress Index scores","ss_spi","~/github/ohi-global/eez2016/layers/ss_spi.csv","rgn_id",,,,"pressure_score",,TRUE,,,0.1538,0.1538,TRUE,,,,4,FALSE
" pressure","ss_wgi","ss_wgi_gl2016.csv","pressure_score","scaled 0-1","Weakness of governance","Inverse of World Governance Indicators (WGI) six combined scores","ss_wgi","~/github/ohi-global/eez2016/layers/ss_wgi.csv","rgn_id",,,,"pressure_score",,TRUE,,,0.255378309885661,0.255378309885661,TRUE,,,,4,FALSE
"pressure","sp_aquacul_terrest","sp_aquacul_terrest_mhi2017.csv","mean","scaled 0-1","Terrestrial aquaculture","Footprint of terrestial aquaculture facilities.","","~/github/mhi/region2017/layers/sp_aquacul_terrest_mhi2017.csv","rgn_id",,,,"mean",,TRUE,,,0.073923158,0.196356036,TRUE,,,,4,FALSE
"pressure","cc_warm","cc_warm_mhi2017.csv","mean","scaled 0-1","Sea surface temperature anomolies","The maximum observed DHW (Degree Heating Week) per pixel was calculated over the time frame of the data (2013-2016). Pixels exceeding 12 DHW were set to the maximum value since it is likely that major coral mortality has occurred those areas.","","~/github/mhi/region2017/layers/cc_warm_mhi2017.csv","rgn_id",,,,"mean",,TRUE,,,0.345195302,0.413763334,TRUE,,,,4,FALSE
"pressure","cc_slr_nearshore","cc_slr_mhi2017.csv","mean","scaled 0-1","Sea level rise ","Sea level rise from cumulative impact mapping","cc_slr_nearshore","~/github/mhi/region2017/layers/cc_slr_mhi2017.csv","rgn_id",,,,"mean",,TRUE,,,0.428590892,0.933094824,TRUE,,,,4,FALSE
"pressure","fp_fish_aquarium","fp_aquarium_mhi2017.csv","mean","scaled 0-1","Aquarium fishing","Aquarium fishing take is reported to DAR separately from food fish, under a different licensing scheme and reporting system.","","~/github/mhi/region2017/layers/fp_aquarium_mhi2017.csv","rgn_id",,,,"mean",,TRUE,,,7.96712e-05,0.134496632,TRUE,,,,4,FALSE
"pressure","fp_reeffish_t","fp_reeffish_t_mhi2017.csv","mean","scaled 0-1","Reef fishing catch","Modeled reef fish catch from commerical and recreational fishery taking into account shoreline accessability.","","~/github/mhi/region2017/layers/fp_reeffish_t_mhi2017.csv","rgn_id",,,,"mean",,TRUE,,,0.032361312,0.102532231,TRUE,,,,4,FALSE
"pressure","hd_benstr","hd_benstr_mhi2017.csv","mean","scaled 0-1","Habitat destruction of benthic structures","Benthic structures were defined as manmade features in the offshore environment that disrupt benthic habitat and include moored buoys, channel markers, offshore cables and pipelines.","","~/github/mhi/region2017/layers/hd_benstr_mhi2017.csv","rgn_id",,,,"mean",,TRUE,,,0.050107104,0.051355287,TRUE,,,,4,FALSE
"pressure","hd_coasteng","hd_coasteng_mhi2017.csv","mean","scaled 0-1","Habitat destruction caused by coastal engineering","Coastal engineering consisted of shoreline armoring structures (e.g., seawalls, revetments, groins, break waters), artificial land (i.e., land fill), and piers.","","~/github/mhi/region2017/layers/hd_coasteng_mhi2017.csv","rgn_id",,,,"mean",,TRUE,,,0.164697301,0.300670597,TRUE,,,,4,FALSE
"pressure","hd_dredging","hd_dredging_mhi2017.csv","mean","scaled 0-1","Habitat destruction from dredging","Dredging was defined as activity involving physically removing substrate with machinery typically to allow for safe passage of vessels","","~/github/mhi/region2017/layers/hd_dredging_mhi2017.csv","rgn_id",,,,"mean",,TRUE,,,1,1,TRUE,,,,4,FALSE
"pressure","sp_ispp_a_m","sp_ispp_a_m_mhi2017.csv","mean","scaled 0-1","Invasive species (algae and mangroves)","Represents presence-only of invasive algae species in nearshore waters and mangroves along the shoreline.","","~/github/mhi/region2017/layers/sp_ispp_a_m_mhi2017.csv","rgn_id",,,,"mean",,TRUE,,,0.027954883,0.386250183,TRUE,,,,4,FALSE
"pressure","po_lbsp_nosds_bil","po_lbsp_nosds_bil_mhi2017.csv","mean","scaled 0-1","Landbased source of pollution pathogens","Onsite waste disposal systems (ODSD) as proxy of nitrogen flux to the nearshore water.","","~/github/mhi/region2017/layers/po_lbsp_nosds_bil_mhi2017.csv","rgn_id",,,,"mean",,TRUE,,,0.003675743,0.017864443,TRUE,,,,4,FALSE
"pressure","po_lbsp_sed","po_lbsp_sed_mhi2017.csv","mean","scaled 0-1","Land-based sediment export to nearshore water","Falinski (2016) customized, parameterized, calibrated, and ran the Integrated Valuation of Ecosystem Services and Tradeoffs (InVEST) model for sediment delivery for each of the eight Main Hawaiian Islands. This model predicts the average annual amount of sediment (tons/yr) exported from each map pixel as a function of land use/land cover, soil characteristics, rainfall, slope, geology, and hydrology.","","~/github/mhi/region2017/layers/po_lbsp_sed_mhi2017.csv","rgn_id",,,,"mean",,TRUE,,,0.014502227,0.034306367,TRUE,,,,4,FALSE
"pressure","po_lbspaggolfrunoff","po_lbspaggolfrunoff_mhi2017.csv","mean","scaled 0-1","Land-based source of pollution from aggriculture and golf courses","Proxy for agricultural and landscaping runoff (nutrients from fertilizers; chemicals like pesticides and herbicides), calculated as the area of agricultural land and golf courses by watershed","po_nutrients","~/github/mhi/region2017/layers/po_lbspaggolfrunoff_mhi2017.csv","rgn_id",,,,"mean",,TRUE,,,0.025491628,0.067798332,TRUE,,,,4,FALSE
"pressure","po_lbspurbanrunoff","po_lbspurbanrunoff_mhi2017.csv","mean","scaled 0-1","Land-based source of pollution from urban runoff","Proxy for nutrient and chemical pollution","po_chemicals_3nm","~/github/mhi/region2017/layers/po_lbspurbanrunoff_mhi2017.csv","rgn_id",,,,"mean",,TRUE,,,0.016624596,0.156628646,TRUE,,,,4,FALSE
"pressure","po_marinedebris","po_marinedebris_mhi2017.csv","mean","scaled 0-1","Marine debris","State of Hawaii Division of Aquatic Resources aerial imagery of marine debris from 2015.","","~/github/mhi/region2017/layers/po_marinedebris_mhi2017.csv","rgn_id",,,,"mean",,TRUE,,,0.007977307,0.069667985,TRUE,,,,4,FALSE
"pressure","hd_shipbased_ground","hd_shipbased_ground_mhi2017.csv","mean","scaled 0-1","Ship-based groundings","To represent the risk of ship groundings and wrecks the footprint of this ship traffic layer was clipped to 9 m depth.","","~/github/mhi/region2017/layers/hd_shipbased_ground_mhi2017.csv","rgn_id",,,,"mean",,TRUE,,,0.000149342,0.005443232,TRUE,,,,4,FALSE
"pressure","po_shipbased_shipp","po_shipbased_shipp_mhi2017.csv","mean","scaled 0-1","Ship-based pollution","Ship traffic layer was used as a proxy for ship-based pollution.","","~/github/mhi/region2017/layers/po_shipbased_shipp_mhi2017.csv","rgn_id",,,,"mean",,TRUE,,,0.001193221,0.003275055,TRUE,,,,4,FALSE
"pressure","hd_tourrec_direct_h","hd_tourrec_direct_h_mhi2017.csv","mean","scaled 0-1","Direct impacts from humans (trampling, recreation, etc)","InVEST recreation model was run statewide at 1 km resolution for the years 2005 ? 2014. This model uses publicly visible geotagged photos posted to the photo-sharing website Flickr to calculate the annual average number of photo users per day per grid cell","","~/github/mhi/region2017/layers/hd_tourrec_direct_h_mhi2017.csv","rgn_id",,,,"mean",,TRUE,,,0.00269814,0.015552674,TRUE,,,,4,FALSE
"pressure","forest_health","forest_health_mhi2017.csv","mean","scaled 0-1","Percent of forest dominated by non-native species","Percent of forest dominated by non-native species","forest_health","~/github/mhi/region2017/layers/forest_health_mhi2017.csv","rgn_id",,,,"mean",,TRUE,,,0.41,0.83,TRUE,,,,4,FALSE
" pressure resilience","element_wts_cp_km2_x_protection","element_wts_cp_km2_x_protection_mhi2017.csv","extent_rank","extent*rank","Coastal protection weights","Habitat extent multiplied by habitat protection rank for: reef, wetland, and beach habitats","element_wts_cp_km2_x_protection","~/github/ohi-global/eez2016/layers/element_wts_cp_km2_x_protection_mhi2017.csv","rgn_id",,"habitat",,"extent_rank",,TRUE,,,0.4945707,1845.16,FALSE,,,,4,FALSE
" pressure resilience","element_wts_cs_km2_x_storage","element_wts_cs_km2_x_storage_mhi2017.csv","extent_rank","extent*storage","Carbon storage weights","Habitat extent multiplied by carbon storage capacity for wetlands","element_wts_cs_km2_x_storage","~/github/ohi-global/eez2016/layers/element_wts_cp_km2_x_storage_mhi2017.csv","rgn_id",,"habitat",,"extent_rank",,TRUE,,,34.619949,2493.250494,FALSE,,,,4,FALSE
" pressure resilience","element_wts_hab_pres_abs","element_wts_hab_pres_abs_mhi2017.csv","boolean","boolean","Habitat weights","List of habitats in each region","element_wts_hab_pres_abs","~/github/ohi-global/eez2016/layers/element_wts_hab_pres_abs_mhi2017.csv","rgn_id",,"habitat",,"boolean",,TRUE,,,1,1,TRUE,,,,4,FALSE
" resilience","fp_habitat","fp_habitat_gl2016.csv","resilience score","scaled 0-1","Management and protection of habitat to preserve biodiversity (fisheries)","Survey responses by country to the Convention on Biologicial Diversity (CBD) Third National Report: habitat related questions","fp_habitat","~/github/ohi-global/eez2016/layers/fp_habitat.csv","rgn_id",,,,"resilience.score",,TRUE,,,0.363636363636364,0.363636363636364,TRUE,,,,4,FALSE
" resilience","fp_mora","fp_mora_gl2016.csv","value","scaled 0-1","Commercial fishing management","Regulations and management of commerical fishing","fp_mora","~/github/ohi-global/eez2016/layers/fp_mora.csv","rgn_id",,,,"value",,TRUE,,,0.612622254289042,0.612622254289042,TRUE,,,,4,FALSE
" resilience","fp_mora_artisanal","fp_mora_artisanal_gl2016.csv","value","scaled 0-1","Artisanal fisheries management effectiveness and opportunity","The opportunity for artisanal and recreational fishing based on the quality of management of the small-scale fishing sector","fp_mora_artisanal","~/github/ohi-global/eez2016/layers/fp_mora_artisanal.csv","rgn_id",,,,"value",,TRUE,,,0.632,0.632,TRUE,,,,4,FALSE
" resilience","fp_mpa_coast","fp_mpa_coast_gl2016.csv","resilience.score","scaled 0-1","Coastal protected marine areas to protect fishery resources","Protected marine areas within 3nm of coastline (lasting special places goal calculated for coastal zone)","fp_mpa_coast","~/github/ohi-global/eez2016/layers/fp_mpa_coast.csv","rgn_id",,,,"resilience.score",,TRUE,,,0.73015,0.73015,TRUE,,,,4,FALSE
" resilience","fp_mpa_eez","fp_mpa_eez_gl2016.csv","resilience.score","scaled 0-1","EEZ protected marine areas to protect fishery resources","Protected marine areas within EEZ to protect fishery resource (lasting special places goal results)","fp_mpa_eez","~/github/ohi-global/eez2016/layers/fp_mpa_eez.csv","rgn_id",,,,"resilience.score",,TRUE,,,0.170308874499759,0.170308874499759,TRUE,,,,4,FALSE
" resilience","g_cites","g_cites_gl2016.csv","resilience_score","scaled 0-1","CITES signatories","Convention on International Trade in Endangered Species of Wild Fauna and Flora (CITES) signatories","g_cites","~/github/ohi-global/eez2016/layers/g_cites.csv","rgn_id",,,,"resilience_score",,TRUE,,,1,1,TRUE,,,,4,FALSE
" resilience","g_mariculture","g_mariculture_gl2016.csv","resilience score","scaled 0-1","Management of mariculture practices to preserve biodiversity","Survey responses by country to the Convention on Biologicial Diversity (CBD) Third National Report: mariculture related questions","g_mariculture","~/github/ohi-global/eez2016/layers/g_mariculture.csv","rgn_id",,,,"resilience.score",,TRUE,,,0.5,0.5,TRUE,,,,4,FALSE
" resilience","g_msi_gov","g_msi_gov_gl2016.csv","resilience score","scaled 0-1","Mariculture Sustainability Index","Mariculture practice assessment criteria from the Mariculture Sustainability Index (MSI)","g_msi_gov","~/github/ohi-global/eez2016/layers/g_msi_gov.csv","rgn_id",,,,"resilience.score",,TRUE,,,0.62777777775,0.62777777775,TRUE,,,,4,FALSE
" resilience","g_tourism","g_tourism_gl2016.csv","resilience score","scaled 0-1","Management of tourism to preserve biodiversity","Survey responses by country to the Convention on Biologicial Diversity (CBD) Third National Report: tourism related questions","g_tourism","~/github/ohi-global/eez2016/layers/g_tourism.csv","rgn_id",,,,"resilience.score",,TRUE,,,0.4444444444445,0.4444444444445,TRUE,,,,4,FALSE
" resilience","hd_mpa_coast","hd_mpa_coast_gl2016.csv","resilience.score","scaled 0-1","Coastal protected marine areas to protect against habitat destruction","Protected marine areas within 3nm of coastline (lasting special places goal status score)","hd_mpa_coast","~/github/ohi-global/eez2016/layers/hd_mpa_coast.csv","rgn_id",,,,"resilience.score",,TRUE,,,0.73015,0.73015,TRUE,,,,4,FALSE
" resilience","hd_mpa_eez","hd_mpa_eez_gl2016.csv","resilience.score","scaled 0-1","Protected marine areas within EEZ to protect against habitat destruction","Protected marine areas within EEZ (lasting special places status score for entire EEZ)","hd_mpa_eez","~/github/ohi-global/eez2016/layers/hd_mpa_eez.csv","rgn_id",,,,"resilience.score",,TRUE,,,0.170308874499759,0.170308874499759,TRUE,,,,4,FALSE
" resilience","li_gci","li_gci_gl2016.csv","score","scaled","Competitiveness in achieving sustained economic prosperity","Global Competitiveness Index (GCI) scores from the World Economic Forum","li_gci","~/github/ohi-global/eez2016/layers/li_gci.csv","rgn_id",,,,"score",,TRUE,,,0.79199755,0.79199755,TRUE,,,,4,FALSE
"resilience","li_economic_index","li_economic_index.csv","res_score","index score","State New Economy Index","The State New Economy Index uses 25 indicators to measure the extent to which state economies are knowledge-based, globalized, entrepreneurial, IT-driven, and innovation-oriented.","li_economic_index","~/github/ohi-global/eez2016/layers/li_economic_index.csv","rgn_id",,,,"res_score",,TRUE,,,0.484,0.484,TRUE,,,,4,FALSE
" resilience","li_sector_evenness","li_sector_evenness_gl2016.csv","resilience score","scaled","Sector evenness as a measure of economic diversity","Shannon's Diversity Index calculated sector evenness based on the total number of sectors and the proportion of jobs belonging to any sector","li_sector_evenness","~/github/ohi-global/eez2016/layers/li_sector_evenness.csv","rgn_id",,,,"resilience.score",,TRUE,,,0,0,TRUE,,,,4,FALSE
" resilience","res_spi","res_spi_gl2016.csv","resilience_score","scaled 0-1","Social Progress Index","Social Progress Index scores","res_spi","~/github/ohi-global/eez2016/layers/res_spi.csv","rgn_id",,,,"resilience_score",,TRUE,,,0.8462,0.8462,TRUE,,,,4,FALSE
" resilience","sp_alien_species","sp_alien_species_gl2016.csv","resilience score","scaled 0-1","Management of nonindigenous species","Survey responses by country to the Convention on Biologicial Diversity (CBD) Third National Report: invasive species related questions","sp_alien_species","~/github/ohi-global/eez2016/layers/sp_alien_species.csv","rgn_id",,,,"resilience.score",,TRUE,,,0.125,0.125,TRUE,,,,4,FALSE
" resilience","species_diversity_3nm","species_diversity_3nm_gl2016.csv","score","scaled 0-1","Measure of coastal ecological integrity","Marine species condition (same calculation and data as the species subgoal status score)  calculated within 3 nm of shoreline as a proxy for ecological integrity","species_diversity_3nm","~/github/ohi-global/eez2016/layers/species_diversity_3nm.csv","rgn_id",,,,"score",,TRUE,,,0.937434373448106,0.937434373448106,TRUE,,,,4,FALSE
" resilience","species_diversity_eez","species_diversity_eez_gl2016.csv","score","scaled 0-1","Measure of ecological integrity","Marine species condition (species subgoal status score) as a proxy for ecological integrity","species_diversity_eez","~/github/ohi-global/eez2016/layers/species_diversity_eez.csv","rgn_id",,,,"score",,TRUE,,,0.937343219847325,0.937343219847325,TRUE,,,,4,FALSE
" resilience","wgi_all","wgi_all_gl2016.csv","resilience_score","scaled 0-1","Strength of governance","World Governance Indicators (WGI) six combined scores","wgi_all","~/github/ohi-global/eez2016/layers/wgi_all.csv","rgn_id",,,,"resilience_score",,TRUE,,,0.744621690114339,0.744621690114339,TRUE,,,,4,FALSE
" resilience","watershed_partnerships","watershed_partnerships.csv","res_score","ratio of waterhsed partnership land to historical extent","Regulatory and social conservation area","Ratio of waterhsed partnership land to historical extent","watershed_partnerships","~/github/mhi/region2017/layers/watershed_partnerships.csv","rgn_id",,,,"res_score",,TRUE,,,0.33,0.57,TRUE,,,,4,FALSE
"resilience","sp_OHA_culture","sp_OHA_culture.csv","res_score","scaled 0-1","Mo'omeheu - Value of History and Culture (OHA Dashboard)","Mo'omeheu - Value of History and Culture (OHA Dashboard)","sp_OHA_culture","~/github/mhi/region2017/layers/sp_OHA_culture.csv","rgn_id",,,,"res_score",,TRUE,,,0.85,0.85,TRUE,,,,4,FALSE
"resilience","fp_MPA_3nm","fp_MPA_3nm_mhi2017.csv","res_score","scaled 0-1","Ratio of managed areas to nearshore area within 3nm of coastline","Ratio of managed areas to nearshore area within 3nm of coastline","fp_MPA_3nm","~/github/mhi/region2017/layers/fp_MPA_3nm_mhi2017.csv","rgn_id",,,,"res_score",,TRUE,,,0.102342045,0.508990542,TRUE,,,,4,FALSE
"resilience","hd_MPA_3nm","hd_MPA_3nm_mhi2017.csv","res_score","scaled 0-1","Ratio of managed areas to nearshore area within 3nm of coastline","Ratio of managed areas to nearshore area within 3nm of coastline","hd_MPA_3nm","~/github/mhi/region2017/layers/hd_MPA_3nm_mhi2017.csv","rgn_id",,,,"res_score",,TRUE,,,0.102342045,0.508990542,TRUE,,,,4,FALSE
"resilience","fp_MPA_eez","fp_MPA_eez_mhi2017.csv","res_score","scaled 0-1","Protected area within the EEZ","Ratio of protected to unprotected EEZ area. Includes restricted bottom fishing areas, longline prohibited areas, and monument areas.","fp_MPA_eez","~/github/mhi/region2017/layers/fp_MPA_eez_mhi2017.csv","rgn_id",,,,"res_score",,TRUE,,,0.181339768,0.397592736,TRUE,,,,4,FALSE
"resilience","hd_MPA_eez","hd_MPA_eez_mhi2017.csv","res_score","scaled 0-1","Protected area within the EEZ","Ratio of protected to unprotected EEZ area. Includes restricted bottom fishing areas, longline prohibited areas, and monument areas.","fp_MPA_eez","~/github/mhi/region2017/layers/hd_MPA_eez_mhi2017.csv","rgn_id",,,,"res_score",,TRUE,,,0.181339768,0.397592736,TRUE,,,,4,FALSE
"resilience","community_stewardship","community_stewardship_mhi2017.csv","res_score","scaled 0-1","Number of potential CBSFA communities and active fishponds ","Number of potential CBSFA communities and active fishponds  scaled to max number","community_stewardship","~/github/mhi/region2017/layers/community_stewardship_mhi2017.csv","rgn_id",,,,"res_score",,TRUE,,,0.52173913,1,TRUE,,,,4,FALSE
"resilience","tourism_experience","tourism_experience_mhi2017.csv","res_score","scaled 0-1","The percent of visitors that report having an excellent experience.","The percent of visitors that report having an excellent experience.","tourism_experience","~/github/mhi/region2017/layers/tourism_experience_mhi2017.csv","rgn_id",,,,"res_score",,TRUE,,,0.547632782,0.663688737,TRUE,,,,4,FALSE
"resilience","res_hab_health","res_hab_health_mhi2017.csv","res_score","scaled 0-1","Status for HAB","Status for HAB","res_hab_health","~/github/mhi/region2017/layers/res_hab_health_mhi2017.csv","rgn_id",,,,"res_score",,TRUE,,,0.6219,0.7165,TRUE,,,,4,FALSE
" spatial","rgn_area","rgn_area.csv","area_km2","km2","Region areas based on EEZ boundaries","Area of Ocean Health Index regions modified from exclusive economic zones ","rgn_area","/Volumes/ohi/git-annex/clip-n-ship/mhi/spatial/rgn_offshore_data.csv","rgn_id",,,,"area_km2",,TRUE,,,8591243.71191,8591243.71191,FALSE,,,,4,FALSE
"AO","ao_access","ao_access_gl2016.csv","value","scaled 0-1","Artisanal fisheries management effectiveness and opportunity","The opportunity for artisanal and recreational fishing based on the quality of management of the small-scale fishing sector","ao_access","~/github/ohi-global/eez2016/layers/ao_access.csv","rgn_id",,,,"value",,TRUE,,,0.632,0.632,TRUE,,,,4,FALSE
"AO","ao_access_mhi2017","ao_access_mhi2017.csv","value","access pt per km","Shoreline access points per km of coastline","Shoreline access points per km of coastline","ao_access","~/github/mhi/region2017/layers/ao_access_mhi2017.csv","rgn_id",,"shoreline_access",,"value",,TRUE,,,0.331927303,0.880505236,TRUE,"shoreline_area_km,shoreline_mile",,,4,FALSE
"AO","ao_need","ao_need_mhi2017.csv","percent","percent","Social, subsistence need for artisanal fishing","The number of households that fish.","ao_need","~/github/mhi/region2017/layers/ao_need_mhi2017.csv","rgn_id",,,"year","percent",,TRUE,2004,2013,3.979125897,21.53890171,FALSE,,,,4,FALSE
"AO","ao_residents","ao_residents_mhi2017.csv","value","resident population","resident population","County resident population","ao_residents","~/github/mhi/region2017/layers/ao_residents_mhi2017.csv","rgn_id",,,"year","value",,TRUE,2000,2015,58568,998714,FALSE,,,,4,FALSE
"AO","ao_resource","ao_resource_mhi2017.csv","value","biomass ","Biomass of resource fish","","ao_resource","~/github/mhi/region2017/layers/ao_resource_mhi2017.csv","rgn_id",,"trend",,"value",,TRUE,,,50.63107955,74.11717509,FALSE,,,,4,FALSE
"CW","cw_chemical_trend","cw_chemical_trend_gl2016.csv","trend","trend","Chemical pollution trend","Modeled chemical pollution from commercial shipping traffic, ports and harbors, and pesticide use","cw_chemical_trend","~/github/ohi-global/eez2016/layers/cw_chemical_trend.csv","rgn_id",,,,"trend",,TRUE,,,0.0067,0.0067,TRUE,,,,4,FALSE
"CW","cw_nutrient_trend","cw_nutrient_trend_gl2016.csv","trend","trend","Nutrient pollution trend","Modeled data based on fertilizer consumption as a proxy for nutrient pollution","cw_nutrient_trend","~/github/ohi-global/eez2016/layers/cw_nutrient_trend.csv","rgn_id",,,,"trend",,TRUE,,,0.0579,0.0579,TRUE,,,,4,FALSE
"CW","cw_pathogen_trend","cw_pathogen_trend_gl2016.csv","trend","trend","Pathogen pollution trend","Trends in percent of population without access to improved sanitation facilities as a proxy for pathogen pollution","cw_pathogen_trend","~/github/ohi-global/eez2016/layers/cw_pathogen_trend.csv","rgn_id",,,,"trend",,TRUE,,,0,0,TRUE,,,,4,FALSE
"CW","cw_trash_trend","cw_trash_trend_gl2016.csv","trend","trend","Plastic trash trends","Trends in trash estimated using improperly disposed of plastics","cw_trash_trend","~/github/ohi-global/eez2016/layers/cw_trash_trend.csv","rgn_id",,,,"trend",,TRUE,,,0.0743036191472058,0.0743036191472058,TRUE,,,,4,FALSE
"CW pressure","po_chemicals_3nm","po_chemicals_3nm_gl2016.csv","pressure_score","scaled 0-1","Coastal chemical pollution","Modeled chemical pollution from commercial shipping traffic, ports and harbors, land-based pesticide use (organic pollution), and urban runoff (inorganic pollution) ","po_chemicals_3nm","~/github/ohi-global/eez2016/layers/po_chemicals_3nm.csv","rgn_id",,,,"pressure_score",,TRUE,,,0.336175126414717,0.336175126414717,TRUE,,,,4,FALSE
"CW pressure","po_nutrients_3nm","po_nutrients_3nm_gl2016.csv","pressure_score","scaled 0-1","Coastal nutrient pollution","Modeled data based on fertilizer consumption from the Food and Agricultural Organization","po_nutrients_3nm","~/github/ohi-global/eez2016/layers/po_nutrients_3nm.csv","rgn_id",,,,"pressure_score",,TRUE,,,0.118426612054867,0.118426612054867,TRUE,,,,4,FALSE
"CW pressure","po_pathogens","po_pathogens_gl2016.csv","pressure_score","scaled 0-1","Pathogen pollution","Percent of population without access to improved sanitation facilities as a proxy for pathogen pollution","po_pathogens","~/github/ohi-global/eez2016/layers/po_pathogens.csv","rgn_id",,,,"pressure_score",,TRUE,,,0,0,TRUE,,,,4,FALSE
"CW pressure","po_trash","po_trash_gl2016.csv","pressure_score","scaled 0-1","Marine plastics","Global marine plastics","po_trash","~/github/ohi-global/eez2016/layers/po_trash.csv","rgn_id",,,,"pressure_score",,TRUE,,,0.395739373183476,0.395739373183476,TRUE,,,,4,FALSE
"CW pressure","cw_po_lbsp_nosds_bil","po_lbsp_nosds_bil_mhi2017.csv","mean","scaled 0-1","Clean water pressure from landbased source of pollution pathogens","Onsite waste disposal systems (ODSD) as proxy of nitrogen flux to the nearshore water.","","~/github/mhi/region2017/layers/po_lbsp_nosds_bil_mhi2017.csv","rgn_id",,,,"mean",,TRUE,,,0.003675743,0.017864443,TRUE,,,,4,FALSE
"CW pressure","cw_po_lbsp_sed","po_lbsp_sed_mhi2017.csv","mean","scaled 0-1","Clean water pressure from land-based sediment export to nearshore water","Falinski (2016) customized, parameterized, calibrated, and ran the Integrated Valuation of Ecosystem Services and Tradeoffs (InVEST) model for sediment delivery for each of the eight Main Hawaiian Islands. This model predicts the average annual amount of sediment (tons/yr) exported from each map pixel as a function of land use/land cover, soil characteristics, rainfall, slope, geology, and hydrology.","","~/github/mhi/region2017/layers/po_lbsp_sed_mhi2017.csv","rgn_id",,,,"mean",,TRUE,,,0.014502227,0.034306367,TRUE,,,,4,FALSE
"CW pressure","cw_po_lbspaggolfrunoff","po_lbspaggolfrunoff_mhi2017.csv","mean","scaled 0-1","Clean water pressure from land-based source of pollution from aggriculture and golf courses","Proxy for agricultural and landscaping runoff (nutrients from fertilizers; chemicals like pesticides and herbicides), calculated as the area of agricultural land and golf courses by watershed","po_nutrients","~/github/mhi/region2017/layers/po_lbspaggolfrunoff_mhi2017.csv","rgn_id",,,,"mean",,TRUE,,,0.025491628,0.067798332,TRUE,,,,4,FALSE
"CW pressure","cw_po_lbspurbanrunoff","po_lbspurbanrunoff_mhi2017.csv","mean","scaled 0-1","Clean water pressure from land-based source of pollution from urban runoff","Proxy for nutrient and chemical pollution","po_chemicals_3nm","~/github/mhi/region2017/layers/po_lbspurbanrunoff_mhi2017.csv","rgn_id",,,,"mean",,TRUE,,,0.016624596,0.156628646,TRUE,,,,4,FALSE
"CW pressure","cw_po_marinedebris","po_marinedebris_mhi2017.csv","mean","scaled 0-1","Clean water pressure from marine debris","State of Hawaii Division of Aquatic Resources aerial imagery of marine debris from 2015.","","~/github/mhi/region2017/layers/po_marinedebris_mhi2017.csv","rgn_id",,,,"mean",,TRUE,,,0.007977307,0.069667985,TRUE,,,,4,FALSE
"CW pressure","cw_po_shipbased_shipp","po_shipbased_shipp_mhi2017.csv","mean","scaled 0-1","Clean water pressure from ship-based pollution","Ship traffic layer was used as a proxy for ship-based pollution.","","~/github/mhi/region2017/layers/po_shipbased_shipp_mhi2017.csv","rgn_id",,,,"mean",,TRUE,,,0.001193221,0.003275055,TRUE,,,,4,FALSE
"FIS","fis_b_bmsy","fis_b_bmsy_gl2016.csv","bbmsy","B/Bmsy","B/Bmsy estimates obtained using RAM data (when available) and the catch-MSY method","The ratio of fish population abundance compared to the abundance required to deliver maximum sustainable yield","fis_b_bmsy","~/github/ohi-global/eez2016/layers/fis_b_bmsy.csv","rgn_id",,"stock_id","year","bbmsy",,TRUE,2001,2010,0.0154,8.96,FALSE,,,,4,FALSE
"FIS","fis_meancatch","fis_meancatch_gl2016.csv","mean_catch","tonnes","Fishery catch data","Mean commercial catch for each OHI region (averaged across years) ","fis_meancatch","~/github/ohi-global/eez2016/layers/fis_meancatch.csv","rgn_id",,"stock_id_taxonkey","year","mean_catch",,TRUE,2001,2010,6.76634343166516e-17,992033.181980519,FALSE,,,,4,FALSE
"FIS","fis_pelagic_catch","fis_pelagic_catch_mhi2017.csv","catch","lbs","Pelagic commercial catch","DAR catch DAR data","fis_pelcatch","~/github/mhi/region2017/layers/fis_pelagic_catch_mhi2017.csv","rgn_id",,"island","year","catch",,TRUE,2012,2016,0,1241338,FALSE,"mus,family,species,licenses",,395,4,FALSE
"FIS","fis_deep7_catch","fis_deep7_catch_mhi2017.csv","catch","lbs","Bottom commercial catch","Bottom fish catch from DAR data ","fis_deepcatch","~/github/mhi/region2017/layers/fis_deep7_catch_mhi2017.csv","rgn_id",,"island","year","catch",,TRUE,2012,2016,16,86585,FALSE,"mus,family,species,licenses",,280,4,FALSE
"FIS","fis_reef_catch","fis_reef_catch_mhi2017.csv","tonnes","tonnes","Reef commerical catch","DAR reef catch data","fis_reefcatch","~/github/mhi/region2017/layers/fis_reefcatch_mhi2017.csv","rgn_id",,"species","year","tonnes",,TRUE,2012,2016,0,131.8083921,FALSE,"lbs,licenses",,,4,FALSE
"FIS","fis_catch","fis_catch_mhi2017.csv","catch","lbs","Reef commerical catch","DAR reef catch data","fis_reefcatch","~/github/mhi/region2017/layers/fis_catch_island_mhi2017.csv","rgn_id",,"stock_key","year","catch",,TRUE,2012,2016,0,1241338,FALSE,"licenses",,190,4,FALSE
"FIS","fis_sus_score","fis_sus_score_mhi2017.csv","score","sb/sbmsy, b/bmsy, spr","Stock assessment","Stock status from formal stock assessments, indicator of stock status differs between pelagic stocks, bottom fish, and reef fish","fis_sus_score","~/github/mhi/region2017/layers/fis_sus_score_mhi2017.csv","rgn_id",,"stock_key","year","score",,TRUE,2012,2016,0.1,2.67,FALSE,"ref,family",,80,4,FALSE
"FIS","fis_reef_catch_multiplier","fis_reef_catch_multiplier_mhi2017.csv","value","value","Recreational catch multiplier for commercial catch of nearshore fish","Recreational catch multiplier for commercial catch of nearshore fish","fis_reef_catch_multiplier","~/github/mhi/region2017/layers/fis_reef_catch_multiplier_mhi2017.csv","rgn_id",,,,"value",,TRUE,,,4.882043103,23.82471901,FALSE,,,,4,FALSE
"FP","fp_wildcaught_weight","fp_wildcaught_weight_gl2016.csv","w_fis","proportion","Food provision weights","Proportion of wild caught fisheries to mariculture","fp_wildcaught_weight","~/github/mhi/region2017/layers/fp_wildcaught_weight.csv","rgn_id",,,,"w_fis",,TRUE,,,0.966295636350819,0.966295636350819,TRUE,,,,4,FALSE
"FP","fp_wildcaught_weight_mhi","fp_wildcaught_weight_mhi2017.csv","w_fis","proportion","Food provision weights","Proportion of wild caught fisheries to mariculture","fp_wildcaught_weight","~/github/mhi/region2017/layers/fp_wildcaught_weight_mhi2017.csv","rgn_id",,"equal",,"w_fis",,TRUE,,,0.996169094,0.99944964,TRUE,,,,4,FALSE
"HABCPCS","hab_extent","hab_extent_gl2016.csv","km2","km2","Habitat extent","Area of habitats: mangrove, saltmarsh, seagrass, soft-bottom, seaice, coral","hab_extent","~/github/ohi-global/eez2016/layers/hab_extent.csv","rgn_id",,"habitat",,"km2",,TRUE,,,125.096159,1992818.61309837,FALSE,,,,4,FALSE
"HABCPCS","hab_health","hab_health_gl2016.csv","health","proportion","Habitat condition","Current condition of habitat relative to historical condition","hab_health","~/github/ohi-global/eez2016/layers/hab_health.csv","rgn_id",,"habitat",,"health",,TRUE,,,0.422873323253544,1,TRUE,,,,4,FALSE
"HABCPCS","hab_trend","hab_trend_gl2016.csv","trend","trend","Habitat condition trend","Estimated change in habitat condition during most recent 5 years","hab_trend","~/github/ohi-global/eez2016/layers/hab_trend.csv","rgn_id",,"habitat",,"trend",,TRUE,,,-1,0.0218,FALSE,,,,4,FALSE
"HAB","hab_extent_mhi","hab_extent_mhi2017.csv","km2","km2","Habitat extent","Area of habitat","hab_extent","~/github/mhi/region2017/layers/hab_extent_mhi2017.csv","rgn_id",,"habitat",,"km2",,TRUE,,,12.75,461.29,FALSE,"reference",,,4,FALSE
"HAB","hab_health_mhi","hab_health_mhi2017.csv","health","proportion","Habitat health","Current condition of habitat relative to historical condition and or estimated habitat health if historical condition unknown","habitat_trend","~/github/mhi/region2017/layers/hab_health_mhi2017.csv","rgn_id",,"habitat",,"health",,TRUE,,,0.29,0.99,TRUE,"reference",,,4,FALSE
"HAB","hab_trend_mhi","hab_trend_mhi2017.csv","trend","proportion","Habitat trend","Estimated change in habitat condition during most recent 5 years","hab_trend","~/github/mhi/region2017/layers/hab_trend_mhi2017.csv","rgn_id",,"habitat",,"trend",,TRUE,,,-0.25741693,0.023099905,FALSE,"trend_per_year,reference",,,4,FALSE
"CP","cp_hab_extent_mhi2017","cp_hab_extent_mhi2017.csv","km2","km2","Habitat extent","Area of coastal protection habitats: reef, wetlands, beaches","hab_extent","~/github/mhi/region2017/layers/cp_hab_extent_mhi2017.csv","rgn_id",,"habitat",,"km2",,TRUE,,,0.1648569,461.29,FALSE,"notes",,,4,FALSE
"CP","cp_hab_condition_mhi2017","cp_hab_condition_mhi2017.csv","health","health","Habitat health: coral reefs, wetlands, beaches","Condition of habitats specific tohabitat","hab_health","~/github/mhi/region2017/layers/cp_hab_condition_mhi2017.csv","rgn_id",,"habitat",,"health",,TRUE,,,0.29,0.78,TRUE,,,,4,FALSE
"CP","cp_hab_trend_mhi2017","cp_hab_trend_mhi2017.csv","trend","trend","Percent change per year in habitat extent","Percent change per year in habitat extent","hab_trend","~/github/mhi/region2017/layers/cp_hab_trend_mhi2017.csv","rgn_id",,"habitat",,"trend",,TRUE,,,-0.051483386,0.004619981,FALSE,"reference",,,4,FALSE
"ICO","ico_spp_iucn_status","ico_spp_iucn_status_gl2016.csv","category","IUCN risk category","IUCN extinction risk","IUCN extinction risk category for iconic species located within each region","ico_spp_iucn_status","~/github/ohi-global/eez2016/layers/ico_spp_iucn_status.csv","rgn_id",,"sciname","year",,"category",TRUE,2000,2016,,,FALSE,"iucn_sid",,816,4,
"LE","le_gdp","le_gdp_mhi2017.csv","gdp_usd","inflation adjusted usd","GDP","Gross Domestic Product (GDP)","le_gdp","~/github/mhi/region2017/layers/le_gdp_mhi2017.csv","rgn_id",,"sector","year","gdp_usd",,TRUE,2005,2013,0,2006082000,FALSE,,,,4,FALSE
"LE","le_jobs","le_jobs_mhi2017.csv","jobs","number of jobs","Jobs","Modeled LE data","le_jobs_sector_year","~/github/ohi-global/eez2016/layers/le_jobs_mhi2017.csv","rgn_id",,"sector","year","jobs",,TRUE,2005,2013,0,49147,FALSE,,,,4,FALSE
"LE","le_popn","le_popn_gl2016.csv","count","number of residents","Total resident population","Resident population of OHI regions","le_popn","~/github/mhi/region2017/layers/le_popn_mhi2017.csv","rgn_id",,,"year","count",,TRUE,1960,2012,180671000,313914040,FALSE,,,,4,FALSE
"LE","le_sector_weight","le_sector_weight_mhi2017.csv","weight","value","Sector weight by jobs","Proportion of jobs within each sector","le_sector_weight","~/github/ohi-global/eez2016/layers/le_sector_weight.csv","rgn_id",,"sector",,"weight",,TRUE,,,1,1,TRUE,,,,4,FALSE
"LE","le_unemployment","le_unemployment_rate_mhi2017.csv","pct_unemployed","percent","Unemployment","DBEDT data for unemployment per county","le_unemployment","~/github/mhi/region2017/layers/le_unemployment_rate_mhi2017.csv","rgn_id",,,"year","pct_unemployed",,TRUE,1990,2016,2.1,13.3,FALSE,,,,4,FALSE
"LE","le_wage","le_wages_mhi2017.csv","value","2010 USD","Wages","Modeled LE data","le_wage_sector_year","~/github/ohi-global/eez2016/layers/le_wages_mhi2017.csv","rgn_id",,"sector","year","value",,TRUE,2005,2013,16225.33605,101253.1646,FALSE,,,,4,FALSE
"LE","le_wkforce","le_wkforce_mhi2017.csv","jobs_all","number of jobs","workforce size","DBEDT data (includes unemployed)","le_wkforce","~/github/mhi/region2017/layers/le_wkforce_mhi2017.csv","rgn_id",,,"year","jobs_all",,TRUE,1990,2016,26150,476050,FALSE,,,,4,FALSE
"LSP","lsp_prot_area_inland1km","lsp_prot_area_inland1km_gl2016.csv","a_prot_1km","km2","Inland coastal protected areas","Protected areas located 1 km inland","lsp_prot_area_inland1km","~/github/ohi-global/eez2016/layers/lsp_prot_area_inland1km.csv","rgn_id",,,"year","a_prot_1km",,TRUE,2000,2015,29396.75,30449.5,FALSE,,,,4,FALSE
"LSP","lsp_prot_area_offshore3nm","lsp_prot_area_offshore3nm_gl2016.csv","a_prot_3nm","km2","Offshore coastal protected areas","Protected areas located 3nm offshore","lsp_prot_area_offshore3nm","~/github/ohi-global/eez2016/layers/lsp_prot_area_offshore3nm.csv","rgn_id",,,"year","a_prot_3nm",,TRUE,2000,2015,35598.25,39846,FALSE,,,,4,FALSE
"LSP","rgn_area_inland1km","rgn_area_inland1km_gl2016.csv","area","km2","Inland area","Inland area of OHI regions within 1km of shoreline","rgn_area_inland1km","~/github/ohi-global/eez2016/layers/rgn_area_inland1km.csv","rgn_id",,,,"area",,TRUE,,,83935,83935,FALSE,,,,4,FALSE
"LSP","rgn_area_offshore3nm","rgn_area_offshore3nm_gl2016.csv","area","km2","Offshore area","Offshore area of OHI regions within 3nm of shoreline","rgn_area_offshore3nm","~/github/ohi-global/eez2016/layers/rgn_area_offshore3nm.csv","rgn_id",,,,"area",,TRUE,,,288518.5,288518.5,FALSE,,,,4,FALSE
"LSP","lsp_area_3nm_mhi2017","lsp_area_3nm_mhi2017.csv","km2","km2","Offshore area to 3nm","Offshore area to 3nm","lsp_area_3nm_mhi2017","~/github/mhi/region2017/layers/lsp_area_3nm_mhi2017.csv","rgn_id",,,,"km2",,TRUE,,,1258.569925,3206.864611,FALSE,,,,4,FALSE
"LSP","lsp_mpa_3nm","lsp_mpa_3nm_mhi2017.csv","km2","km2","Offshore coastal protected areas","Ratio of protected area to total coastal area to 3nm","lsp_mpa_3nm","~/github/mhi/region2017/layers/lsp_mpa_3nm_mhi2017.csv","rgn_id",,,,"km2",,TRUE,,,150.6359116,1632.263758,FALSE,,,,4,FALSE
"LSP","lsp_mpa_nearshore","lsp_mpa_nearshore_mhi2017.csv","km2","km2","Offshore area protected to 3nm","Offshore area protected to 3nm","lsp_mpa_nearshore","~/github/mhi/region2017/layers/lsp_mpa_nearshore_mhi2017.csv","rgn_id",,"type",,"km2",,TRUE,,,0.767292099,1621.022272,FALSE,,,,4,FALSE
"LSP","lsp_coastal_conservation","lsp_coastal_conservation_mhi2017.csv","km2","km2","Coastal conservation lands","Coastal conservation lands","lsp_coastal_conservation","~/github/mhi/region2017/layers/lsp_coastal_conservation_mhi2017.csv","rgn_id",,"condist",,"km2",,TRUE,,,0,125.0651701,FALSE,,,,4,FALSE
"LSP","lsp_area_1km_coast","lsp_area_1km_coast_mhi2017.csv","km2","km2","Area within 1 km of the shore","Area within 1 km of the shore","lsp_area_1km_coast","~/github/mhi/region2017/layers/lsp_area_1km_coast_mhi2017.csv","rgn_id",,,,"km2",,TRUE,,,231.5580286,531.0963958,FALSE,,,,4,FALSE
"LSP","lsp_mma_mhi2017","lsp_mma_mhi2017.csv","km2","km2","State 30by30 marine managed areas","State 30by30 marine managed areas","lsp_mma_mhi2017","~/github/mhi/region2017/layers/lsp_mma_mhi2017.csv","rgn_id",,,,"km2",,TRUE,,,51.02513009,612.3015611,FALSE,,,,4,FALSE
"LSP","lsp_historic_sites","lsp_historic_sites_mhi2017.csv","historic_sites","historic_sites","Number of listed national and state historic sites","Number of listed national and state historic sites","lsp_historic_sites","~/github/mhi/region2017/layers/lsp_historical_sites_mhi2017.csv","rgn_id",,,"year","historic_sites",,TRUE,2008,2012,40,294,FALSE,,,3,4,FALSE
"MAR","mar_coastalpopn_inland25mi","mar_coastalpopn_inland25mi_gl2016.csv","popsum","number of people","Inland coastal population","Total coastal population within 25 miles of coast.","mar_coastalpopn_inland25mi","~/github/ohi-global/eez2016/layers/mar_coastalpopn_inland25mi.csv","rgn_id",,,"year","popsum",,TRUE,2005,2015,97446632,108426858,FALSE,,,,4,FALSE
"MAR","mar_harvest","mar_harvest_mhi2017.csv","lbs","lbs","Mariculture production","Production of shellfish and foodfish from mariculture facilities","mar_harvest","~/github/mhi/region2017/layers/mar_harvest_mhi2017.cvs","rgn_id",,"species","year","lbs",,TRUE,2007,2011,32000,1311000,FALSE,"tonnes,value,reference",,,4,FALSE
"MAR","mar_operations","mar_operations_census_mhi2017.csv","value","trend score","Mariculture operations","The number of mariculture operations by type and county.","mar_operations","~/github/mhi/region2017/layers/mar_operations_census_mhi2017.csv","rgn_id",,"commodity","year","value",,TRUE,2002,2012,0,18,FALSE,"est_value",,,4,FALSE
"MAR","mar_fishpond_current","mar_fishpond_current_mhi2017.csv","Area_acres","acres ","Current extent of fishponds in Hawaii","","mar_fishpond","~/github/mhi/region2017/layers/mar_fishpond_current_mhi2017.cvs","rgn_id",,,,"area_acres",,TRUE,,,6.041830671,259.8370755,FALSE,,,,4,FALSE
"MAR","mar_fishpond_numbers","mar_fishpond_numbers_mhi2017.csv","current","number of fishponds","Number of current fishponds in Hawaii","Number of current fishponds in Hawaii","mar_fishpond_number","~/github/mhi/region2017/layers/mar_fishpond_number_mhi2017.cvs","rgn_id",,,,"current",,TRUE,,,7,16,FALSE,,,,4,FALSE
"MAR","mar_fishpond_health","mar_fishpond_health_mhi2017.csv","health_n","potential","Ratio of active fishponds to historical number","Ratio of active fishponds to historical number","mar_fishpond_health","~/github/mhi/region2017/layers/mar_fishpond_health_mhi2017.cvs","rgn_id",,,,"health_n",,TRUE,,,0.104347826,0.888888889,TRUE,,,,4,FALSE
"NP","np_blast","np_blast_gl2016placeholder.csv","score","score","Areas of blast fishing","Destructive artisanal blast fishing","np_blast","~/github/ohi-global/eez2016/layers/np_blast.csv","rgn_id",,,,"score",,TRUE,,,2016,2016,FALSE,,,,4,FALSE
"NP","np_cyanide","np_cyanide_gl2016placeholder.csv","score","score","Areas of poison fishing","Destructive artisanal poison (cyanide) fishing","np_cyanide","~/github/ohi-global/eez2016/layers/np_cyanide.csv","rgn_id",,,,"score",,TRUE,,,2016,2016,FALSE,,,,4,FALSE
"NP","np_harvest_product_weight","np_harvest_product_weight_gl2016.csv","weight","proportion","Relative harvest value","Value of harvest of each product relative to total harvest of six marine products (coral, fish oil, seaweed and plants, shells, sponges, ornamental fish). Used to weight contribution of each product to final score.","np_harvest_product_weight","~/github/ohi-global/eez2016/layers/np_harvest_product_weight.csv","rgn_id",,"product",,"weight",,TRUE,,,0.0277838780622102,0.661372150238866,TRUE,,,,4,FALSE
"NP","np_harvest_tonnes","np_harvest_tonnes_gl2016.csv","tonnes","tonnes","Natural product harvest","Yield in metric tonnes of six marine products (coral, fish oil, seaweed and plants, shells, sponges, ornamental fish) from FAO","np_harvest_tonnes","~/github/ohi-global/eez2016/layers/np_harvest_tonnes.csv","rgn_id",,"product","year","tonnes",,TRUE,1976,2013,87,145708.5,FALSE,,,,4,FALSE
"NP","np_harvest_tonnes_relative","np_harvest_tonnes_relative_gl2016.csv","tonnes_rel","proportion","Relative harvest tonnes","Tonnes of harvest of each product relative to total harvest of six marine products (coral, fish oil, seaweed and plants, shells, sponges, ornamental fish). Used to weight contribution of each product to final score.","np_harvest_tonnes_relative","~/github/ohi-global/eez2016/layers/np_harvest_tonnes_relative.csv","rgn_id",,"product","year","tonnes_rel",,TRUE,1976,2013,0.0826593508390637,1,TRUE,,,,4,FALSE
"spatial ","rgn_georegions","rgn_georegions_gl2016.csv","georgn_id","UN regions","UN geopolitical region classifications","Lookup table of Ocean Health Index regions and UN geopolitical regions (3 levels), often used for gapfilling missing data","rgn_georegions","~/github/ohi-global/eez2016/layers/rgn_georegions.csv","rgn_id",,"level",,"georgn_id",,TRUE,,,1,21,FALSE,,,,4,FALSE
"spatial ","rgn_global","rgn_global.csv","label","label","OHI regions","Subset of regions that are not deleted or disputed ","rgn_global","~/github/ohi-global/eez2016/layers/rgn_global.csv","rgn_id",,,,,"label",TRUE,,,,,FALSE,,,,4,
"spatial ","rgn_labels","rgn_labels.csv","label","label","Regions ","Regions by type (eez, subocean, unclaimed)","rgn_labels","~/github/ohi-global/eez2016/layers/rgn_labels.csv","rgn_id",,"type",,,"label",TRUE,,,,,FALSE,,,,4,
"SPP","spp_status","spp_status_gl2016.csv","score","status score","Average species condition","Species condition based on average of IUCN threat categories","spp_status","~/github/ohi-global/eez2016/layers/spp_status.csv","rgn_id",,,,"score",,TRUE,,,0.937343219847325,0.937343219847325,TRUE,,,,4,FALSE
"SPP","spp_trend","spp_trend_gl2016.csv","score","trend score","Average species condition trend","Species trends based on average of IUCN population trend data","spp_trend","~/github/ohi-global/eez2016/layers/spp_trend.csv","rgn_id",,,,"score",,TRUE,,,-0.117363909360939,-0.117363909360939,FALSE,,,,4,FALSE
"SPP","spp_status_mhi","spp_status_mhi2017.csv","score","status score ","Species condition based on ESA status","Species condition based on ESA status for marine mammals, turtles, marine birds, and coastal plants","","~/github/mhi/region2017/layers/spp_status_mhi2017.csv","rgn_id",,"common.name",,"score",,TRUE,,,0.4,1,TRUE,"species.name,esa.status",,12,4,FALSE
"SPP","spp_fish","spp_fish_mhi2017.csv","value","score","Score of fish biomass in relationship to pristine fish biomass","Score of fish biomass in relationship to pristine fish biomass","","~/github/mhi/region2017/layers/spp_fish_mhi2017.csv","rgn_id",,"trend",,"value",,TRUE,,,50.63107955,74.11717509,FALSE,,,,4,FALSE
"TR","tr_jobs_pct_tourism","tr_jobs_pct_tourism_gl2016.csv","Ep","proportion","Percent direct employment in tourism","Percent direct employment in tourism","tr_jobs_pct_tourism","~/github/ohi-global/eez2016/layers/tr_jobs_pct_tourism.csv","rgn_id",,,"year","ep",,TRUE,1988,2026,0.0350505,0.0447751,TRUE,,,,4,FALSE
"TR","tr_sustainability","tr_sustainability_gl2016.csv","S_score","score","Tourism sustainability index","Tourism Competitiveness Index (TTCI)","tr_sustainability","~/github/ohi-global/eez2016/layers/tr_sustainability.csv","rgn_id",,,,"s_score",,TRUE,,,5.12,5.12,FALSE,,,,4,FALSE
"TR","t_sentiment","t_sentiment_mhi2017.csv","value","percent of respondence","Resident Sentiment ","The average of three HTA questions on resident sentiment of tourism. ","t_sentiment","~/github/mhi/region2017/layers/t_sentiment_mhi2017.csv","rgn_id",,"reference","year","value",,TRUE,2009,2015,49,57,FALSE,,,,4,FALSE
"TR","t_visitor_gdp","t_visitor_gdp_mhi2017.csv","growth_rate","percent annual growth","Visitor generated GDP","The annual percent change in visitor generated inflation adjusted gdp","t_growth","~/github/mhi/region2017/layers/t_visitor_gdp_mhi2017.csv",,,"visitor_real_gdp","year","growth_rate",,TRUE,2010,2015,-0.01,0.16,FALSE,"growth_target,score",,,4,FALSE
"TR","t_average_visitors","t_average_visitors_mhi2017.csv","percent","average_visitor_days","Average visitors per day ","The average number of visitor days by county","t_visitors_county","~/github/mhi/region2017/layers/t_average_visitors_mhi2017.csv","rgn_id",,"rgn_name","year","percent",,TRUE,2010,2015,11.08892277,48.68611396,FALSE,"average_visitors_day,average_domestic_visitors_day,average_inter.national_visitors_day,value",,,4,FALSE
"TR","t_growth","t_growth_mhi2017.csv","county_gdp","estimated county gdp","estimated county gdp","The estimated visitor contribution to county gdp ","t_growth","~/github/mhi/region2017/layers/t_growth_mhi2017.csv","rgn_id",,"value","year","county_gdp",,TRUE,2010,2015,1068.480416,5774.173116,FALSE,,,,4,FALSE
"TR","t_env_sus","t_env_sus_mhi2017.csv","percent","percent","Percent of effectively managed nearshore areas ","This estimate comes from the state 30% effectively managed marine areas by 2030","t_env_sus","~/github/mhi/region2017/layers/t_env_sus_mhi2017.csv","rgn_id",,"habitat","year","percent",,TRUE,2011,2015,7.279165114,36.19942717,FALSE,,,,4,FALSE
"RC","r_shoreline","r_shoreline_mhi2017.csv","km","km","Length of shoreline","Length of shoreline","r_shoreline","~/github/mhi/region2017/layers/r_shoreline_mhi2017.csv","rgn_id",,,,"km",,TRUE,,,201,663,FALSE,,,,4,FALSE
"RC","r_parks","r_parks_mhi2017.csv","number","number","Number of coastal parks","Number of coastal parks (county beach parks, national parks, and state parks)","r_parks","~/github/mhi/region2017/layers/r_parks_mhi2017.csv","rgn_id",,,,"number",,TRUE,,,21,64,FALSE,,,,4,FALSE
"RC","r_residents","r_residents_mhi2017.csv","value","value","resident population","Resident population of OHI regions","r_residents","~/github/mhi/region2017/layers/r_residents_mhi2017.csv","rgn_id",,,"year","value",,TRUE,2011,2015,67794,998714,FALSE,,,,4,FALSE
